stage_order,pipeline,stage_type,component,source_path,primary_symbol,role,constructed_where,enable_or_gate,checked_in_default,runtime_override_boundary,failure_behavior,input,output,downstream_specialist,evidence_class,notes
0,candidate-pipeline (framework),engine,CandidatePipeline::execute_stages,candidate-pipeline/candidate_pipeline.rs,CandidatePipeline::execute_stages,Defines the universal 10-step execution sequence every pipeline instance runs: query hydration -> dependent query hydration -> sources -> hydration -> filter -> score -> select -> post-selection hydration -> post-selection filter -> truncate/finalize/side-effects.,"trait default, N/A",N/A (framework),N/A,N/A,see per-stage rows,Q (pipeline query),"PipelineResult<Q,C>",S02;S05;S08,DIRECT,"Query/dependent-query hydrators, sources, hydrators, post-selection hydrators run concurrently (join_all); filters and scorers run sequentially in declared order (S01-F005). Side effects are tokio::spawn fire-and-forget after the result is otherwise finalized."
1,PhoenixCandidatePipeline,query_hydrator,ScoringSequenceQueryHydrator,home-mixer/query_hydrators/scoring_sequence_query_hydrator.rs,ScoringSequenceQueryHydrator,Hydrates the viewer's recent action sequence used as the primary Phoenix ranking model input.,PhoenixCandidatePipeline::build_with_clients,enable() present (checked),see param.rs (S00/S17 census),xai_feature_switches (S17),Err silently skips that hydrator's field update; query proceeds with field unset/default (candidate_pipeline.rs hydrate_query),ScoredPostsQuery,ScoredPostsQuery (partial field update),S17,DIRECT,One of 17 query hydrators; all run concurrently via join_all.
2,PhoenixCandidatePipeline,query_hydrator,RetrievalSequenceQueryHydrator,home-mixer/query_hydrators/retrieval_sequence_query_hydrator.rs,RetrievalSequenceQueryHydrator,"Hydrates the action sequence used for Phoenix retrieval (candidate discovery), distinct from the scoring sequence.",PhoenixCandidatePipeline::build_with_clients,enable() present,see param.rs (S00/S17 census),xai_feature_switches (S17),Err silently skips that hydrator's field update; query proceeds with field unset/default (candidate_pipeline.rs hydrate_query),ScoredPostsQuery,ScoredPostsQuery (partial field update),S17,DIRECT,One of 17 query hydrators; all run concurrently via join_all.
3,PhoenixCandidatePipeline,query_hydrator,BlockedUserIdsQueryHydrator,home-mixer/query_hydrators/blocked_user_ids_query_hydrator.rs,BlockedUserIdsQueryHydrator,Hydrates the viewer's blocked-user-id list from SocialGraph.,PhoenixCandidatePipeline::build_with_clients,no enable() override,see param.rs (S00/S17 census),xai_feature_switches (S17),Err silently skips that hydrator's field update; query proceeds with field unset/default (candidate_pipeline.rs hydrate_query),ScoredPostsQuery,ScoredPostsQuery (partial field update),S17,DIRECT,One of 17 query hydrators; all run concurrently via join_all.
4,PhoenixCandidatePipeline,query_hydrator,MutedUserIdsQueryHydrator,home-mixer/query_hydrators/muted_user_ids_query_hydrator.rs,MutedUserIdsQueryHydrator,Hydrates the viewer's muted-user-id list from SocialGraph.,PhoenixCandidatePipeline::build_with_clients,no enable() override,see param.rs (S00/S17 census),xai_feature_switches (S17),Err silently skips that hydrator's field update; query proceeds with field unset/default (candidate_pipeline.rs hydrate_query),ScoredPostsQuery,ScoredPostsQuery (partial field update),S17,DIRECT,One of 17 query hydrators; all run concurrently via join_all.
5,PhoenixCandidatePipeline,query_hydrator,FollowedUserIdsQueryHydrator,home-mixer/query_hydrators/followed_user_ids_query_hydrator.rs,FollowedUserIdsQueryHydrator,Hydrates the viewer's followed-user-id list from SocialGraph; feeds in-network eligibility and mutual-follow checks.,PhoenixCandidatePipeline::build_with_clients,enable() present,see param.rs (S00/S17 census),xai_feature_switches (S17),Err silently skips that hydrator's field update; query proceeds with field unset/default (candidate_pipeline.rs hydrate_query),ScoredPostsQuery,ScoredPostsQuery (partial field update),S17,DIRECT,One of 17 query hydrators; all run concurrently via join_all.
6,PhoenixCandidatePipeline,query_hydrator,SubscribedUserIdsQueryHydrator,home-mixer/query_hydrators/subscribed_user_ids_query_hydrator.rs,SubscribedUserIdsQueryHydrator,Hydrates the viewer's subscribed-user-id list.,PhoenixCandidatePipeline::build_with_clients,no enable() override,see param.rs (S00/S17 census),xai_feature_switches (S17),Err silently skips that hydrator's field update; query proceeds with field unset/default (candidate_pipeline.rs hydrate_query),ScoredPostsQuery,ScoredPostsQuery (partial field update),S17,DIRECT,One of 17 query hydrators; all run concurrently via join_all.
7,PhoenixCandidatePipeline,query_hydrator,CachedPostsQueryHydrator,home-mixer/query_hydrators/cached_posts_query_hydrator.rs,CachedPostsQueryHydrator,Hydrates previously-cached post candidates from Redis for the cached-post request path.,PhoenixCandidatePipeline::build_with_clients,enable() present,see param.rs (S00/S17 census),xai_feature_switches (S17),Err silently skips that hydrator's field update; query proceeds with field unset/default (candidate_pipeline.rs hydrate_query),ScoredPostsQuery,ScoredPostsQuery (partial field update),S17,DIRECT,One of 17 query hydrators; all run concurrently via join_all.
8,PhoenixCandidatePipeline,query_hydrator,MutualFollowQueryHydrator,home-mixer/query_hydrators/mutual_follow_query_hydrator.rs,MutualFollowQueryHydrator,Hydrates viewer-level mutual-follow context via Strato.,PhoenixCandidatePipeline::build_with_clients,enable() present,see param.rs (S00/S17 census),xai_feature_switches (S17),Err silently skips that hydrator's field update; query proceeds with field unset/default (candidate_pipeline.rs hydrate_query),ScoredPostsQuery,ScoredPostsQuery (partial field update),S17,DIRECT,One of 17 query hydrators; all run concurrently via join_all.
9,PhoenixCandidatePipeline,query_hydrator,UserDemographicsQueryHydrator,home-mixer/query_hydrators/user_demographics_query_hydrator.rs,UserDemographicsQueryHydrator,Hydrates viewer demographic attributes.,PhoenixCandidatePipeline::build_with_clients,enable() present,see param.rs (S00/S17 census),xai_feature_switches (S17),Err silently skips that hydrator's field update; query proceeds with field unset/default (candidate_pipeline.rs hydrate_query),ScoredPostsQuery,ScoredPostsQuery (partial field update),S17,DIRECT,One of 17 query hydrators; all run concurrently via join_all.
10,PhoenixCandidatePipeline,query_hydrator,FollowedGrokTopicsQueryHydrator,home-mixer/query_hydrators/followed_grok_topics_query_hydrator.rs,FollowedGrokTopicsQueryHydrator,Hydrates the viewer's followed Grok topic bitset (32 topics).,PhoenixCandidatePipeline::build_with_clients,enable() present,see param.rs (S00/S17 census),xai_feature_switches (S17),Err silently skips that hydrator's field update; query proceeds with field unset/default (candidate_pipeline.rs hydrate_query),ScoredPostsQuery,ScoredPostsQuery (partial field update),S17,DIRECT,One of 17 query hydrators; all run concurrently via join_all.
11,PhoenixCandidatePipeline,query_hydrator,FollowedStarterPacksQueryHydrator,home-mixer/query_hydrators/followed_starter_packs_query_hydrator.rs,FollowedStarterPacksQueryHydrator,Hydrates the viewer's followed starter-pack bitset (20 packs).,PhoenixCandidatePipeline::build_with_clients,enable() present,see param.rs (S00/S17 census),xai_feature_switches (S17),Err silently skips that hydrator's field update; query proceeds with field unset/default (candidate_pipeline.rs hydrate_query),ScoredPostsQuery,ScoredPostsQuery (partial field update),S17,DIRECT,One of 17 query hydrators; all run concurrently via join_all.
12,PhoenixCandidatePipeline,query_hydrator,UserInstalledAppsQueryHydrator,home-mixer/query_hydrators/user_installed_apps_query_hydrator.rs,UserInstalledAppsQueryHydrator,Hydrates viewer's installed-apps signal.,PhoenixCandidatePipeline::build_with_clients,enable() present,see param.rs (S00/S17 census),xai_feature_switches (S17),Err silently skips that hydrator's field update; query proceeds with field unset/default (candidate_pipeline.rs hydrate_query),ScoredPostsQuery,ScoredPostsQuery (partial field update),S17,DIRECT,One of 17 query hydrators; all run concurrently via join_all.
13,PhoenixCandidatePipeline,query_hydrator,ExplicitEngagementSignalsQueryHydrator,home-mixer/query_hydrators/explicit_engagement_signals_query_hydrator.rs,ExplicitEngagementSignalsQueryHydrator,Hydrates explicit engagement-signal aggregates for the viewer.,PhoenixCandidatePipeline::build_with_clients,enable() present,see param.rs (S00/S17 census),xai_feature_switches (S17),Err silently skips that hydrator's field update; query proceeds with field unset/default (candidate_pipeline.rs hydrate_query),ScoredPostsQuery,ScoredPostsQuery (partial field update),S17,DIRECT,One of 17 query hydrators; all run concurrently via join_all.
14,PhoenixCandidatePipeline,query_hydrator,ImplicitEngagementSignalsQueryHydrator,home-mixer/query_hydrators/implicit_engagement_signals_query_hydrator.rs,ImplicitEngagementSignalsQueryHydrator,Hydrates implicit engagement-signal aggregates for the viewer.,PhoenixCandidatePipeline::build_with_clients,enable() present,see param.rs (S00/S17 census),xai_feature_switches (S17),Err silently skips that hydrator's field update; query proceeds with field unset/default (candidate_pipeline.rs hydrate_query),ScoredPostsQuery,ScoredPostsQuery (partial field update),S17,DIRECT,One of 17 query hydrators; all run concurrently via join_all.
15,PhoenixCandidatePipeline,query_hydrator,ImpressionBloomFilterQueryHydrator,home-mixer/query_hydrators/impression_bloom_filter_query_hydrator.rs,ImpressionBloomFilterQueryHydrator,"Hydrates a bloom-filter representation of recently-impressed posts, used for probabilistic already-seen checks.",PhoenixCandidatePipeline::build_with_clients,enable() present,see param.rs (S00/S17 census),xai_feature_switches (S17),Err silently skips that hydrator's field update; query proceeds with field unset/default (candidate_pipeline.rs hydrate_query),ScoredPostsQuery,ScoredPostsQuery (partial field update),S17,DIRECT,One of 17 query hydrators; all run concurrently via join_all.
16,PhoenixCandidatePipeline,query_hydrator,IpQueryHydrator,home-mixer/query_hydrators/ip_query_hydrator.rs,IpQueryHydrator,Hydrates IP-derived geolocation info for the viewer.,PhoenixCandidatePipeline::build_with_clients,enable() present,see param.rs (S00/S17 census),xai_feature_switches (S17),Err silently skips that hydrator's field update; query proceeds with field unset/default (candidate_pipeline.rs hydrate_query),ScoredPostsQuery,ScoredPostsQuery (partial field update),S17,DIRECT,One of 17 query hydrators; all run concurrently via join_all.
17,PhoenixCandidatePipeline,query_hydrator,UserInferredGenderQueryHydrator,home-mixer/query_hydrators/user_inferred_gender_query_hydrator.rs,UserInferredGenderQueryHydrator,Hydrates an inferred-gender label/score for the viewer.,PhoenixCandidatePipeline::build_with_clients,enable() present,see param.rs (S00/S17 census),xai_feature_switches (S17),Err silently skips that hydrator's field update; query proceeds with field unset/default (candidate_pipeline.rs hydrate_query),ScoredPostsQuery,ScoredPostsQuery (partial field update),S17,DIRECT,One of 17 query hydrators; all run concurrently via join_all.
18,PhoenixCandidatePipeline,query_hydrator (constructed but NOT wired),ImpressedPostsQueryHydrator,home-mixer/query_hydrators/impressed_posts_query_hydrator.rs,ImpressedPostsQueryHydrator,Would hydrate query.impressed_post_ids from ImpressedPostsClient; only consumer is PreviouslySeenPostsBackupFilter.,"PhoenixCandidatePipeline::build_with_clients L278-280 -- bound to `_impressed_posts_hydrator`, never pushed to query_hydrators Vec",N/A (never added to active Vec),N/A,N/A,never runs; query.impressed_post_ids permanently Vec::new(),ScoredPostsQuery,none (dead),S02,DIRECT,See S01-F001. Neuters PreviouslySeenPostsBackupFilter permanently under current wiring.
19,PhoenixCandidatePipeline,source,ThunderSource,home-mixer/sources/thunder_source.rs,ThunderSource,"In-network source: recent posts from accounts the viewer follows, served from Thunder's in-memory store.",PhoenixCandidatePipeline::build_with_clients,gated,see param.rs,xai_feature_switches,Err contributes zero candidates from this source; other sources unaffected (candidate-pipeline/candidate_pipeline.rs fetch_candidates flatten),ScoredPostsQuery,Vec<PostCandidate>,S03;S04;S05;S07,DIRECT,README-documented
20,PhoenixCandidatePipeline,source,TweetMixerSource,home-mixer/sources/tweet_mixer_source.rs,TweetMixerSource,Undocumented OON candidate source via TweetMixer client.,PhoenixCandidatePipeline::build_with_clients,gated,see param.rs,xai_feature_switches,Err contributes zero candidates from this source; other sources unaffected (candidate-pipeline/candidate_pipeline.rs fetch_candidates flatten),ScoredPostsQuery,Vec<PostCandidate>,S03;S04;S05;S07,DIRECT,NOT in README's candidate-source list (S01-F003)
21,PhoenixCandidatePipeline,source,SimclustersSource,home-mixer/sources/simclusters_source.rs,SimclustersSource,OON source via SimClusters ANN client; wraps a CoreDataCandidateHydrator clone for self-hydration.,PhoenixCandidatePipeline::build_with_clients,gated,see param.rs,xai_feature_switches,Err contributes zero candidates from this source; other sources unaffected (candidate-pipeline/candidate_pipeline.rs fetch_candidates flatten),ScoredPostsQuery,Vec<PostCandidate>,S03;S04;S05;S07,DIRECT,README-documented; SimClusters wiring confirmed (S01-F003/S00-C043)
22,PhoenixCandidatePipeline,source,PhoenixSource,home-mixer/sources/phoenix_source.rs,PhoenixSource,OON retrieval via Phoenix retrieval model (embedding nearest-neighbor).,PhoenixCandidatePipeline::build_with_clients,gated (3 enable checks),see param.rs,xai_feature_switches,Err contributes zero candidates from this source; other sources unaffected (candidate-pipeline/candidate_pipeline.rs fetch_candidates flatten),ScoredPostsQuery,Vec<PostCandidate>,S03;S04;S05;S07,DIRECT,README-documented
23,PhoenixCandidatePipeline,source,PhoenixTopicsSource,home-mixer/sources/phoenix_topics_source.rs,PhoenixTopicsSource,Undocumented topic-scoped Phoenix retrieval source.,PhoenixCandidatePipeline::build_with_clients,gated,see param.rs,xai_feature_switches,Err contributes zero candidates from this source; other sources unaffected (candidate-pipeline/candidate_pipeline.rs fetch_candidates flatten),ScoredPostsQuery,Vec<PostCandidate>,S03;S04;S05;S07,DIRECT,NOT in README's candidate-source list (S01-F003)
24,PhoenixCandidatePipeline,source,PhoenixMOESource,home-mixer/sources/phoenix_moe_source.rs,PhoenixMOESource,Undocumented Phoenix 'mixture of experts' retrieval source.,PhoenixCandidatePipeline::build_with_clients,gated,see param.rs,xai_feature_switches,Err contributes zero candidates from this source; other sources unaffected (candidate-pipeline/candidate_pipeline.rs fetch_candidates flatten),ScoredPostsQuery,Vec<PostCandidate>,S03;S04;S05;S07,DIRECT,NOT in README's candidate-source list (S01-F003)
25,PhoenixCandidatePipeline,source,CachedPostsSource,home-mixer/sources/cached_posts_source.rs,CachedPostsSource,Returns query.cached_posts directly for the cached-post request path (has_cached_posts).,PhoenixCandidatePipeline::build_with_clients,gated,see param.rs,xai_feature_switches,Err contributes zero candidates from this source; other sources unaffected (candidate-pipeline/candidate_pipeline.rs fetch_candidates flatten),ScoredPostsQuery,Vec<PostCandidate>,S03;S04;S05;S07,DIRECT,supports cached-post alternate request mode
31,PhoenixCandidatePipeline,hydrator,InNetworkCandidateHydrator,home-mixer/candidate_hydrators/in_network_candidate_hydrator.rs,InNetworkCandidateHydrator,Marks candidates as in-network based on followed-user-id membership.,PhoenixCandidatePipeline::build_with_clients,gated,see param.rs,xai_feature_switches,per-candidate Err silently skipped (candidate keeps prior field values); does not drop candidate or fail request (candidate-pipeline/hydrator.rs update_all default),Vec<PostCandidate>,Vec<PostCandidate> (fields updated),S05,DIRECT,
32,PhoenixCandidatePipeline,hydrator,BidirectionalFollowHydrator,home-mixer/candidate_hydrators/bidirectional_follow_hydrator.rs,BidirectionalFollowHydrator,Sets is_mutual_follow_author/author_follows_viewer; feeds both the ranking_scorer reply/dwell boost and the Phoenix AuthorInfo.is_following_user model feature (see S00-F007).,PhoenixCandidatePipeline::build_with_clients,gated (EnableBidirectionalFollowHydration) + request-state gated (!has_cached_posts),see param.rs,xai_feature_switches,per-candidate Err silently skipped (candidate keeps prior field values); does not drop candidate or fail request (candidate-pipeline/hydrator.rs update_all default),Vec<PostCandidate>,Vec<PostCandidate> (fields updated),S05,DIRECT,
33,PhoenixCandidatePipeline,hydrator,CoreDataCandidateHydrator,home-mixer/candidate_hydrators/core_data_candidate_hydrator.rs,CoreDataCandidateHydrator,Hydrates core tweet text/metadata via TES; failure feeds CoreDataHydrationFilter's removal criterion.,PhoenixCandidatePipeline::build_with_clients,gated,see param.rs,xai_feature_switches,per-candidate Err silently skipped (candidate keeps prior field values); does not drop candidate or fail request (candidate-pipeline/hydrator.rs update_all default),Vec<PostCandidate>,Vec<PostCandidate> (fields updated),S05,DIRECT,
34,PhoenixCandidatePipeline,hydrator,QuoteHydrator,home-mixer/candidate_hydrators/quote_hydrator.rs,QuoteHydrator,Hydrates quoted-post data for quote-tweet candidates.,PhoenixCandidatePipeline::build_with_clients,gated,see param.rs,xai_feature_switches,per-candidate Err silently skipped (candidate keeps prior field values); does not drop candidate or fail request (candidate-pipeline/hydrator.rs update_all default),Vec<PostCandidate>,Vec<PostCandidate> (fields updated),S05,DIRECT,
35,PhoenixCandidatePipeline,hydrator,MediaInfoHydrator,home-mixer/candidate_hydrators/media_info_hydrator.rs,MediaInfoHydrator,Hydrates media (image/video) metadata.,PhoenixCandidatePipeline::build_with_clients,gated,see param.rs,xai_feature_switches,per-candidate Err silently skipped (candidate keeps prior field values); does not drop candidate or fail request (candidate-pipeline/hydrator.rs update_all default),Vec<PostCandidate>,Vec<PostCandidate> (fields updated),S05,DIRECT,
36,PhoenixCandidatePipeline,hydrator,SubscriptionHydrator,home-mixer/candidate_hydrators/subscription_hydrator.rs,SubscriptionHydrator,Hydrates subscriber-only post eligibility data; feeds IneligibleSubscriptionFilter.,PhoenixCandidatePipeline::build_with_clients,gated,see param.rs,xai_feature_switches,per-candidate Err silently skipped (candidate keeps prior field values); does not drop candidate or fail request (candidate-pipeline/hydrator.rs update_all default),Vec<PostCandidate>,Vec<PostCandidate> (fields updated),S05,DIRECT,
37,PhoenixCandidatePipeline,hydrator,GizmoduckCandidateHydrator,home-mixer/candidate_hydrators/gizmoduck_hydrator.rs,GizmoduckCandidateHydrator,Hydrates author account state (Gizmoduck) for each candidate.,PhoenixCandidatePipeline::build_with_clients,gated,see param.rs,xai_feature_switches,per-candidate Err silently skipped (candidate keeps prior field values); does not drop candidate or fail request (candidate-pipeline/hydrator.rs update_all default),Vec<PostCandidate>,Vec<PostCandidate> (fields updated),S05,DIRECT,
38,PhoenixCandidatePipeline,hydrator,BlockedByHydrator,home-mixer/candidate_hydrators/blocked_by_hydrator.rs,BlockedByHydrator,Hydrates whether the candidate's author blocks the viewer.,PhoenixCandidatePipeline::build_with_clients,gated,see param.rs,xai_feature_switches,per-candidate Err silently skipped (candidate keeps prior field values); does not drop candidate or fail request (candidate-pipeline/hydrator.rs update_all default),Vec<PostCandidate>,Vec<PostCandidate> (fields updated),S05,DIRECT,
39,PhoenixCandidatePipeline,hydrator,FilteredTopicsHydrator,home-mixer/candidate_hydrators/filtered_topics_hydrator.rs,FilteredTopicsHydrator,Hydrates topic-filtering context via Strato.,PhoenixCandidatePipeline::build_with_clients,gated,see param.rs,xai_feature_switches,per-candidate Err silently skipped (candidate keeps prior field values); does not drop candidate or fail request (candidate-pipeline/hydrator.rs update_all default),Vec<PostCandidate>,Vec<PostCandidate> (fields updated),S05,DIRECT,
40,PhoenixCandidatePipeline,hydrator,LanguageCodeHydrator,home-mixer/candidate_hydrators/language_code_hydrator.rs,LanguageCodeHydrator,Hydrates detected language code for the candidate's text.,PhoenixCandidatePipeline::build_with_clients,gated,see param.rs,xai_feature_switches,per-candidate Err silently skipped (candidate keeps prior field values); does not drop candidate or fail request (candidate-pipeline/hydrator.rs update_all default),Vec<PostCandidate>,Vec<PostCandidate> (fields updated),S05,DIRECT,
41,PhoenixCandidatePipeline,hydrator,EngagementCountsHydrator,home-mixer/candidate_hydrators/engagement_counts_hydrator.rs,EngagementCountsHydrator,Hydrates fav/reply/retweet/quote/view/bookmark counts.,PhoenixCandidatePipeline::build_with_clients,gated (2 enable checks),see param.rs,xai_feature_switches,per-candidate Err silently skipped (candidate keeps prior field values); does not drop candidate or fail request (candidate-pipeline/hydrator.rs update_all default),Vec<PostCandidate>,Vec<PostCandidate> (fields updated),S05,DIRECT,
42,PhoenixCandidatePipeline,hydrator,SemanticIdHydrator,home-mixer/candidate_hydrators/semantic_id_hydrator.rs,SemanticIdHydrator,Hydrates hash-based semantic-ID embeddings for the candidate.,PhoenixCandidatePipeline::build_with_clients,unconditional,see param.rs,xai_feature_switches,per-candidate Err silently skipped (candidate keeps prior field values); does not drop candidate or fail request (candidate-pipeline/hydrator.rs update_all default),Vec<PostCandidate>,Vec<PostCandidate> (fields updated),S05,DIRECT,
43,PhoenixCandidatePipeline,"hydrator (module-absent, dormant)",BroadcastLivenessHydrator,home-mixer/candidate_hydrators/broadcast_liveness_hydrator.rs,BroadcastLivenessHydrator,Would hydrate candidate.broadcast_is_live (live-broadcast link detection) via TES+Strato with caching.,not constructed anywhere; not declared in candidate_hydrators/mod.rs,hardcoded `false` in its own enable() (redundant with module absence),N/A,N/A,never runs; candidate.broadcast_is_live permanently None,n/a (dormant),none (dead),S02,DIRECT,"See S01-F002. Sole consumer of the field, RerankingKafkaSideEffect, always forwards None."
44,PhoenixCandidatePipeline,filter (pre-scoring),DropDuplicatesFilter,home-mixer/filters/drop_duplicates_filter.rs,DropDuplicatesFilter,Removes the same post returned by more than one source.,PhoenixCandidatePipeline::build_with_clients,unconditional,see param.rs,xai_feature_switches,"no fallibility at trait level; Filter::filter is a total partition (kept/removed), no Result",Vec<PostCandidate>,"FilterResult{kept,removed}",S02;S14,DIRECT,Runs sequentially in this exact declared order (S01-F005); position between AuthorSocialgraphFilter and VideoFilter for Brazil2026ElectionFilter matches source (S00-F001/F002).
45,PhoenixCandidatePipeline,filter (pre-scoring),CoreDataHydrationFilter,home-mixer/filters/core_data_hydration_filter.rs,CoreDataHydrationFilter,Removes posts whose core text/metadata failed to hydrate.,PhoenixCandidatePipeline::build_with_clients,unconditional,see param.rs,xai_feature_switches,"no fallibility at trait level; Filter::filter is a total partition (kept/removed), no Result",Vec<PostCandidate>,"FilterResult{kept,removed}",S02;S14,DIRECT,Runs sequentially in this exact declared order (S01-F005); position between AuthorSocialgraphFilter and VideoFilter for Brazil2026ElectionFilter matches source (S00-F001/F002).
46,PhoenixCandidatePipeline,filter (pre-scoring),AgeFilter,home-mixer/filters/age_filter.rs,AgeFilter,"Removes posts older than MAX_POST_AGE (48h, home-mixer/params/config.rs).",PhoenixCandidatePipeline::build_with_clients,unconditional,see param.rs,xai_feature_switches,"no fallibility at trait level; Filter::filter is a total partition (kept/removed), no Result",Vec<PostCandidate>,"FilterResult{kept,removed}",S02;S14,DIRECT,Runs sequentially in this exact declared order (S01-F005); position between AuthorSocialgraphFilter and VideoFilter for Brazil2026ElectionFilter matches source (S00-F001/F002).
47,PhoenixCandidatePipeline,filter (pre-scoring),SelfTweetFilter,home-mixer/filters/self_tweet_filter.rs,SelfTweetFilter,Removes the viewer's own posts.,PhoenixCandidatePipeline::build_with_clients,unconditional,see param.rs,xai_feature_switches,"no fallibility at trait level; Filter::filter is a total partition (kept/removed), no Result",Vec<PostCandidate>,"FilterResult{kept,removed}",S02;S14,DIRECT,Runs sequentially in this exact declared order (S01-F005); position between AuthorSocialgraphFilter and VideoFilter for Brazil2026ElectionFilter matches source (S00-F001/F002).
48,PhoenixCandidatePipeline,filter (pre-scoring),OONRetweetReplyFilter,home-mixer/filters/oon_retweet_reply_filter.rs,OONRetweetReplyFilter,Removes OON reposts/replies and replies with a missing parent.,PhoenixCandidatePipeline::build_with_clients,unconditional,see param.rs,xai_feature_switches,"no fallibility at trait level; Filter::filter is a total partition (kept/removed), no Result",Vec<PostCandidate>,"FilterResult{kept,removed}",S02;S14,DIRECT,Runs sequentially in this exact declared order (S01-F005); position between AuthorSocialgraphFilter and VideoFilter for Brazil2026ElectionFilter matches source (S00-F001/F002).
49,PhoenixCandidatePipeline,filter (pre-scoring),OONNsfwSimclustersFilter,home-mixer/filters/oon_nsfw_simclusters_filter.rs,OONNsfwSimclustersFilter,Removes SimClusters-sourced posts from adult-flagged unfollowed authors.,PhoenixCandidatePipeline::build_with_clients,gated,see param.rs,xai_feature_switches,"no fallibility at trait level; Filter::filter is a total partition (kept/removed), no Result",Vec<PostCandidate>,"FilterResult{kept,removed}",S02;S14,DIRECT,Runs sequentially in this exact declared order (S01-F005); position between AuthorSocialgraphFilter and VideoFilter for Brazil2026ElectionFilter matches source (S00-F001/F002).
50,PhoenixCandidatePipeline,filter (pre-scoring),RetweetDeduplicationFilter,home-mixer/filters/retweet_deduplication_filter.rs,RetweetDeduplicationFilter,Removes repeated reposts of the same underlying post.,PhoenixCandidatePipeline::build_with_clients,unconditional,see param.rs,xai_feature_switches,"no fallibility at trait level; Filter::filter is a total partition (kept/removed), no Result",Vec<PostCandidate>,"FilterResult{kept,removed}",S02;S14,DIRECT,Runs sequentially in this exact declared order (S01-F005); position between AuthorSocialgraphFilter and VideoFilter for Brazil2026ElectionFilter matches source (S00-F001/F002).
51,PhoenixCandidatePipeline,filter (pre-scoring),IneligibleSubscriptionFilter,home-mixer/filters/ineligible_subscription_filter.rs,IneligibleSubscriptionFilter,Removes subscriber-only posts the viewer cannot access.,PhoenixCandidatePipeline::build_with_clients,unconditional,see param.rs,xai_feature_switches,"no fallibility at trait level; Filter::filter is a total partition (kept/removed), no Result",Vec<PostCandidate>,"FilterResult{kept,removed}",S02;S14,DIRECT,Runs sequentially in this exact declared order (S01-F005); position between AuthorSocialgraphFilter and VideoFilter for Brazil2026ElectionFilter matches source (S00-F001/F002).
52,PhoenixCandidatePipeline,filter (pre-scoring),PreviouslySeenPostsFilter,home-mixer/filters/previously_seen_posts_filter.rs,PreviouslySeenPostsFilter,Removes posts already shown to the viewer (primary record).,PhoenixCandidatePipeline::build_with_clients,unconditional,see param.rs,xai_feature_switches,"no fallibility at trait level; Filter::filter is a total partition (kept/removed), no Result",Vec<PostCandidate>,"FilterResult{kept,removed}",S02;S14,DIRECT,Runs sequentially in this exact declared order (S01-F005); position between AuthorSocialgraphFilter and VideoFilter for Brazil2026ElectionFilter matches source (S00-F001/F002).
53,PhoenixCandidatePipeline,filter (pre-scoring),PreviouslySeenPostsBackupFilter,home-mixer/filters/previously_seen_posts_backup_filter.rs,PreviouslySeenPostsBackupFilter,"Intended as a second, backup already-seen record via query.impressed_post_ids; currently always a no-op (S01-F001).",PhoenixCandidatePipeline::build_with_clients,unconditional,see param.rs,xai_feature_switches,"no fallibility at trait level; Filter::filter is a total partition (kept/removed), no Result",Vec<PostCandidate>,"FilterResult{kept,removed}",S02;S14,DIRECT,Runs sequentially in this exact declared order (S01-F005); position between AuthorSocialgraphFilter and VideoFilter for Brazil2026ElectionFilter matches source (S00-F001/F002).
54,PhoenixCandidatePipeline,filter (pre-scoring),PreviouslyServedPostsFilter,home-mixer/filters/previously_served_posts_filter.rs,PreviouslyServedPostsFilter,Removes posts already served earlier in the session.,PhoenixCandidatePipeline::build_with_clients,gated,see param.rs,xai_feature_switches,"no fallibility at trait level; Filter::filter is a total partition (kept/removed), no Result",Vec<PostCandidate>,"FilterResult{kept,removed}",S02;S14,DIRECT,Runs sequentially in this exact declared order (S01-F005); position between AuthorSocialgraphFilter and VideoFilter for Brazil2026ElectionFilter matches source (S00-F001/F002).
55,PhoenixCandidatePipeline,filter (pre-scoring),MutedKeywordFilter,home-mixer/filters/muted_keyword_filter.rs,MutedKeywordFilter,Removes posts matching the viewer's muted keywords.,PhoenixCandidatePipeline::build_with_clients,unconditional,see param.rs,xai_feature_switches,"no fallibility at trait level; Filter::filter is a total partition (kept/removed), no Result",Vec<PostCandidate>,"FilterResult{kept,removed}",S02;S14,DIRECT,Runs sequentially in this exact declared order (S01-F005); position between AuthorSocialgraphFilter and VideoFilter for Brazil2026ElectionFilter matches source (S00-F001/F002).
56,PhoenixCandidatePipeline,filter (pre-scoring),AuthorSocialgraphFilter,home-mixer/filters/author_socialgraph_filter.rs,AuthorSocialgraphFilter,Removes posts from accounts the viewer blocks or mutes.,PhoenixCandidatePipeline::build_with_clients,unconditional,see param.rs,xai_feature_switches,"no fallibility at trait level; Filter::filter is a total partition (kept/removed), no Result",Vec<PostCandidate>,"FilterResult{kept,removed}",S02;S14,DIRECT,Runs sequentially in this exact declared order (S01-F005); position between AuthorSocialgraphFilter and VideoFilter for Brazil2026ElectionFilter matches source (S00-F001/F002).
57,PhoenixCandidatePipeline,filter (pre-scoring),Brazil2026ElectionFilter,home-mixer/filters/brazil_2026_election_filter.rs,Brazil2026ElectionFilter,Removes posts from/about accounts on a hardcoded Brazil Electoral-Court list unless the viewer follows the account.,PhoenixCandidatePipeline::build_with_clients,unconditional (no local param gate at all -- see S00-F001),see param.rs,xai_feature_switches,"no fallibility at trait level; Filter::filter is a total partition (kept/removed), no Result",Vec<PostCandidate>,"FilterResult{kept,removed}",S02;S14,DIRECT,Runs sequentially in this exact declared order (S01-F005); position between AuthorSocialgraphFilter and VideoFilter for Brazil2026ElectionFilter matches source (S00-F001/F002).
58,PhoenixCandidatePipeline,filter (pre-scoring),VideoFilter,home-mixer/filters/video_filter.rs,VideoFilter,Removes video posts when the request excludes video.,PhoenixCandidatePipeline::build_with_clients,gated,see param.rs,xai_feature_switches,"no fallibility at trait level; Filter::filter is a total partition (kept/removed), no Result",Vec<PostCandidate>,"FilterResult{kept,removed}",S02;S14,DIRECT,Runs sequentially in this exact declared order (S01-F005); position between AuthorSocialgraphFilter and VideoFilter for Brazil2026ElectionFilter matches source (S00-F001/F002).
59,PhoenixCandidatePipeline,filter (pre-scoring),TopicIdsFilter,home-mixer/filters/topic_ids_filter.rs,TopicIdsFilter,Removes posts outside requested topics / inside excluded topics.,PhoenixCandidatePipeline::build_with_clients,gated,see param.rs,xai_feature_switches,"no fallibility at trait level; Filter::filter is a total partition (kept/removed), no Result",Vec<PostCandidate>,"FilterResult{kept,removed}",S02;S14,DIRECT,Runs sequentially in this exact declared order (S01-F005); position between AuthorSocialgraphFilter and VideoFilter for Brazil2026ElectionFilter matches source (S00-F001/F002).
60,PhoenixCandidatePipeline,filter (pre-scoring),NewUserMinEngagementFilter,home-mixer/filters/new_user_min_engagement_filter.rs,NewUserMinEngagementFilter,"For new accounts, removes OON posts below an engagement threshold.",PhoenixCandidatePipeline::build_with_clients,gated,see param.rs,xai_feature_switches,"no fallibility at trait level; Filter::filter is a total partition (kept/removed), no Result",Vec<PostCandidate>,"FilterResult{kept,removed}",S02;S14,DIRECT,Runs sequentially in this exact declared order (S01-F005); position between AuthorSocialgraphFilter and VideoFilter for Brazil2026ElectionFilter matches source (S00-F001/F002).
61,PhoenixCandidatePipeline,filter (pre-scoring),InventoryHoldoutFilter,home-mixer/filters/inventory_holdout_filter.rs,InventoryHoldoutFilter,"Deterministically holds out a configured percentage of posts per (post,viewer) via hash bucketing.",PhoenixCandidatePipeline::build_with_clients,gated,see param.rs,xai_feature_switches,"no fallibility at trait level; Filter::filter is a total partition (kept/removed), no Result",Vec<PostCandidate>,"FilterResult{kept,removed}",S02;S14,DIRECT,Runs sequentially in this exact declared order (S01-F005); position between AuthorSocialgraphFilter and VideoFilter for Brazil2026ElectionFilter matches source (S00-F001/F002).
62,PhoenixCandidatePipeline,scorer,PhoenixScorer,home-mixer/scorers/phoenix_scorer.rs,PhoenixScorer,Dispatches PredictNextActionsRequest to the Phoenix model; sets per-action predicted-probability fields.,PhoenixCandidatePipeline::build_with_clients,request-state gated (!has_cached_posts) + decider kill-switch (PHOENIX_RANKER_KILL_SWITCH_DECIDER),see param.rs,xai_feature_switches,per-candidate Err silently skipped (candidate keeps prior score fields); does not drop candidate or fail request (candidate-pipeline/scorer.rs update_all default),Vec<PostCandidate>,Vec<PostCandidate> (score fields updated),S05;S08,DIRECT,Runs sequentially in exactly this order (PhoenixScorer -> RankingScorer -> VMRanker); order is behaviorally significant (S01-F005).
63,PhoenixCandidatePipeline,scorer,RankingScorer,home-mixer/scorers/ranking_scorer.rs,RankingScorer,Computes weighted-sum Final Score from Phoenix's predicted probabilities plus author-diversity/OON-discount/new-author adjustments; applies bidirectional-follow boost.,PhoenixCandidatePipeline::build_with_clients,unconditional,see param.rs,xai_feature_switches,per-candidate Err silently skipped (candidate keeps prior score fields); does not drop candidate or fail request (candidate-pipeline/scorer.rs update_all default),Vec<PostCandidate>,Vec<PostCandidate> (score fields updated),S05;S08,DIRECT,Runs sequentially in exactly this order (PhoenixScorer -> RankingScorer -> VMRanker); order is behaviorally significant (S01-F005).
64,PhoenixCandidatePipeline,scorer,VMRanker,home-mixer/scorers/vm_ranker.rs,VMRanker,Calls the vm-ranker service for DPP-based diversity reranking; degrades gracefully to prior score on whole-call failure (S01-F012).,PhoenixCandidatePipeline::build_with_clients,gated (EnableVMRanker),see param.rs,xai_feature_switches,per-candidate Err silently skipped (candidate keeps prior score fields); does not drop candidate or fail request (candidate-pipeline/scorer.rs update_all default),Vec<PostCandidate>,Vec<PostCandidate> (score fields updated),S05;S08,DIRECT,Runs sequentially in exactly this order (PhoenixScorer -> RankingScorer -> VMRanker); order is behaviorally significant (S01-F005).
65,PhoenixCandidatePipeline,selector,TopKScoreSelector,home-mixer/selectors/top_k_score_selector.rs,TopKScoreSelector,Sorts candidates by final score descending and truncates to a size limit.,PhoenixCandidatePipeline::build_with_clients,unconditional (default enable),N/A,N/A,"if disabled, all candidates pass through as selected (trait default select())",Vec<PostCandidate>,"SelectResult{selected,non_selected}",S05;S08,DIRECT,
66,PhoenixCandidatePipeline,post_selection_hydrator,VFCandidateHydrator,home-mixer/candidate_hydrators/vf_candidate_hydrator.rs,VFCandidateHydrator,Queries visibility-filtering per selected post+viewer for ALLOW/INTERSTITIAL/DROP.,PhoenixCandidatePipeline::build_with_clients,unconditional,see param.rs,xai_feature_switches,per-candidate Err silently skipped (candidate keeps prior field values); does not drop candidate or fail request (candidate-pipeline/hydrator.rs update_all default),Vec<PostCandidate> (selected only),Vec<PostCandidate>,S14,DIRECT,"Runs only on the already-selected (top-K) candidate set, concurrently via join_all -- cheaper than the pre-scoring hydrator stage."
67,PhoenixCandidatePipeline,post_selection_hydrator,AdsBrandSafetyVfHydrator,home-mixer/candidate_hydrators/ads_brand_safety_vf_hydrator.rs,AdsBrandSafetyVfHydrator,Hydrates ad brand-safety verdict via TweetSafetyLabelClient.,PhoenixCandidatePipeline::build_with_clients,unconditional,see param.rs,xai_feature_switches,per-candidate Err silently skipped (candidate keeps prior field values); does not drop candidate or fail request (candidate-pipeline/hydrator.rs update_all default),Vec<PostCandidate> (selected only),Vec<PostCandidate>,S14,DIRECT,"Runs only on the already-selected (top-K) candidate set, concurrently via join_all -- cheaper than the pre-scoring hydrator stage."
68,PhoenixCandidatePipeline,post_selection_hydrator,TweetTypeMetricsHydrator,home-mixer/candidate_hydrators/tweet_type_metrics_hydrator.rs,TweetTypeMetricsHydrator,Hydrates per-tweet-type metrics used for served-history/response bookkeeping.,PhoenixCandidatePipeline::build_with_clients,unconditional,see param.rs,xai_feature_switches,per-candidate Err silently skipped (candidate keeps prior field values); does not drop candidate or fail request (candidate-pipeline/hydrator.rs update_all default),Vec<PostCandidate> (selected only),Vec<PostCandidate>,S14,DIRECT,"Runs only on the already-selected (top-K) candidate set, concurrently via join_all -- cheaper than the pre-scoring hydrator stage."
69,PhoenixCandidatePipeline,post_selection_hydrator,FollowingRepliedUsersHydrator,home-mixer/candidate_hydrators/following_replied_users_hydrator.rs,FollowingRepliedUsersHydrator,Hydrates which followed users replied to a candidate (for reply-context display).,PhoenixCandidatePipeline::build_with_clients,gated,see param.rs,xai_feature_switches,per-candidate Err silently skipped (candidate keeps prior field values); does not drop candidate or fail request (candidate-pipeline/hydrator.rs update_all default),Vec<PostCandidate> (selected only),Vec<PostCandidate>,S14,DIRECT,"Runs only on the already-selected (top-K) candidate set, concurrently via join_all -- cheaper than the pre-scoring hydrator stage."
70,PhoenixCandidatePipeline,post_selection_hydrator,MutualFollowJaccardHydrator,home-mixer/candidate_hydrators/mutual_follow_jaccard_hydrator.rs,MutualFollowJaccardHydrator,Hydrates a mutual-follow Jaccard-similarity signal via Strato.,PhoenixCandidatePipeline::build_with_clients,gated,see param.rs,xai_feature_switches,per-candidate Err silently skipped (candidate keeps prior field values); does not drop candidate or fail request (candidate-pipeline/hydrator.rs update_all default),Vec<PostCandidate> (selected only),Vec<PostCandidate>,S14,DIRECT,"Runs only on the already-selected (top-K) candidate set, concurrently via join_all -- cheaper than the pre-scoring hydrator stage."
71,PhoenixCandidatePipeline,post_selection_hydrator,TopicFeedbackContextHydrator,home-mixer/candidate_hydrators/topic_feedback_context_hydrator.rs,TopicFeedbackContextHydrator,Hydrates topic-feedback context (topic_feedback_topic/topic_id) via Strato.,PhoenixCandidatePipeline::build_with_clients,gated,see param.rs,xai_feature_switches,per-candidate Err silently skipped (candidate keeps prior field values); does not drop candidate or fail request (candidate-pipeline/hydrator.rs update_all default),Vec<PostCandidate> (selected only),Vec<PostCandidate>,S14,DIRECT,"Runs only on the already-selected (top-K) candidate set, concurrently via join_all -- cheaper than the pre-scoring hydrator stage."
72,PhoenixCandidatePipeline,post_selection_filter,VFFilter,home-mixer/filters/vf_filter.rs,VFFilter,Removes posts visibility-filtering answered DROP for.,PhoenixCandidatePipeline::build_with_clients,unconditional,N/A,N/A,"no fallibility at trait level; Filter::filter is a total partition (kept/removed), no Result",Vec<PostCandidate> (selected+hydrated),"FilterResult{kept,removed}",S14,DIRECT,Runs sequentially after post-selection hydration; result truncated to result_size()=35 (params::RESULT_SIZE) afterward.
73,PhoenixCandidatePipeline,post_selection_filter,AncillaryVFFilter,home-mixer/filters/ancillary_vf_filter.rs,AncillaryVFFilter,Removes posts whose thread ancestor/quoted/reposted post was itself dropped.,PhoenixCandidatePipeline::build_with_clients,unconditional,N/A,N/A,"no fallibility at trait level; Filter::filter is a total partition (kept/removed), no Result",Vec<PostCandidate> (selected+hydrated),"FilterResult{kept,removed}",S14,DIRECT,Runs sequentially after post-selection hydration; result truncated to result_size()=35 (params::RESULT_SIZE) afterward.
74,PhoenixCandidatePipeline,post_selection_filter,DedupConversationFilter,home-mixer/filters/dedup_conversation_filter.rs,DedupConversationFilter,Collapses additional branches of the same conversation.,PhoenixCandidatePipeline::build_with_clients,unconditional,N/A,N/A,"no fallibility at trait level; Filter::filter is a total partition (kept/removed), no Result",Vec<PostCandidate> (selected+hydrated),"FilterResult{kept,removed}",S14,DIRECT,Runs sequentially after post-selection hydration; result truncated to result_size()=35 (params::RESULT_SIZE) afterward.
75,PhoenixCandidatePipeline,side_effect,PhoenixExperimentsSideEffect,home-mixer/side_effects/phoenix_experiments_side_effect.rs,PhoenixExperimentsSideEffect,Publishes Phoenix experiment/prediction bookkeeping to Kafka.,PhoenixCandidatePipeline::build_with_clients,gated,see param.rs,xai_feature_switches,fire-and-forget via tokio::spawn; results discarded (let _ = join_all(...)); cannot affect response,"SideEffectInput{query,selected,non_selected}",none (fire-and-forget),S18,DIRECT,
76,PhoenixCandidatePipeline,side_effect,RerankingKafkaSideEffect,home-mixer/side_effects/reranking_kafka_side_effect.rs,RerankingKafkaSideEffect,"Publishes final scored/reranked candidate data to a reranking Kafka topic (includes the always-None broadcast_is_live field, S01-F002).",PhoenixCandidatePipeline::build_with_clients,gated,see param.rs,xai_feature_switches,fire-and-forget via tokio::spawn; results discarded (let _ = join_all(...)); cannot affect response,"SideEffectInput{query,selected,non_selected}",none (fire-and-forget),S18,DIRECT,
77,PhoenixCandidatePipeline,side_effect,RedisPostCandidateCacheSideEffect,home-mixer/side_effects/redis_post_candidate_cache_side_effect.rs,RedisPostCandidateCacheSideEffect,Writes selected candidates to Redis for the cached-post request path.,PhoenixCandidatePipeline::build_with_clients,gated,see param.rs,xai_feature_switches,fire-and-forget via tokio::spawn; results discarded (let _ = join_all(...)); cannot affect response,"SideEffectInput{query,selected,non_selected}",none (fire-and-forget),S18,DIRECT,
78,PhoenixCandidatePipeline,side_effect,ScoredStatsSideEffect,home-mixer/side_effects/scored_stats_side_effect.rs,ScoredStatsSideEffect,Emits scoring statistics/metrics.,PhoenixCandidatePipeline::build_with_clients,gated,see param.rs,xai_feature_switches,fire-and-forget via tokio::spawn; results discarded (let _ = join_all(...)); cannot affect response,"SideEffectInput{query,selected,non_selected}",none (fire-and-forget),S18,DIRECT,
79,PhoenixCandidatePipeline,side_effect,AuthorServedMetricsSideEffect,home-mixer/side_effects/author_served_metrics_side_effect.rs,AuthorServedMetricsSideEffect,Emits per-author served-count metrics.,PhoenixCandidatePipeline::build_with_clients,unconditional,see param.rs,xai_feature_switches,fire-and-forget via tokio::spawn; results discarded (let _ = join_all(...)); cannot affect response,"SideEffectInput{query,selected,non_selected}",none (fire-and-forget),S18,DIRECT,
80,PhoenixCandidatePipeline,side_effect,MutualFollowStatsSideEffect,home-mixer/side_effects/mutual_follow_stats_side_effect.rs,MutualFollowStatsSideEffect,Emits statistics about mutual-follow-boosted candidates.,PhoenixCandidatePipeline::build_with_clients,gated,see param.rs,xai_feature_switches,fire-and-forget via tokio::spawn; results discarded (let _ = join_all(...)); cannot affect response,"SideEffectInput{query,selected,non_selected}",none (fire-and-forget),S18,DIRECT,
81,PhoenixCandidatePipeline,side_effect,DebugSideEffect,home-mixer/side_effects/debug_side_effect.rs,DebugSideEffect,Supports debug-endpoint diagnostics.,PhoenixCandidatePipeline::build_with_clients,unconditional,see param.rs,xai_feature_switches,fire-and-forget via tokio::spawn; results discarded (let _ = join_all(...)); cannot affect response,"SideEffectInput{query,selected,non_selected}",none (fire-and-forget),S18,DIRECT,
82,PhoenixCandidatePipeline,side_effect,PhoenixRequestCacheSideEffect,home-mixer/side_effects/phoenix_request_cache_side_effect.rs,PhoenixRequestCacheSideEffect,Caches the Phoenix prediction request/response across two Redis regions (atla/pdxa).,PhoenixCandidatePipeline::build_with_clients,gated,see param.rs,xai_feature_switches,fire-and-forget via tokio::spawn; results discarded (let _ = join_all(...)); cannot affect response,"SideEffectInput{query,selected,non_selected}",none (fire-and-forget),S18,DIRECT,
                                                                                                                                                                                                                                                                                                                                                                                                                                                                                                                                                                                                                                                                                                                                                                                                                                                                                                                                                                                                                                                                                                                                                                                                                                                                                                                                                                                                                                                                                                                                                                                                                                                                                                                                                                                                                                                                                                                                                                                                                                                                                                                                                                                                                                                                                                                                                                                                                                                                                                                                                                                                                                1,ForYouCandidatePipeline,query_hydrator,ServedHistoryQueryHydrator,home-mixer/query_hydrators/served_history_query_hydrator.rs,ServedHistoryQueryHydrator,Hydrates the viewer's served-post history for dedup/pagination.,ForYouCandidatePipeline::build,gated,see param.rs,xai_feature_switches,Err silently skips that hydrator's field update; query proceeds with field unset/default (candidate_pipeline.rs hydrate_query),ScoredPostsQuery,ScoredPostsQuery,S02,DIRECT,
2,ForYouCandidatePipeline,query_hydrator,PastRequestTimestampsQueryHydrator,home-mixer/query_hydrators/past_request_timestamps_query_hydrator.rs,PastRequestTimestampsQueryHydrator,Hydrates timestamps of the viewer's past requests.,ForYouCandidatePipeline::build,gated,see param.rs,xai_feature_switches,Err silently skips that hydrator's field update; query proceeds with field unset/default (candidate_pipeline.rs hydrate_query),ScoredPostsQuery,ScoredPostsQuery,S02,DIRECT,
3,ForYouCandidatePipeline,source,ScoredPostsSource,home-mixer/sources/scored_posts_source.rs,ScoredPostsSource,Synchronously awaits ScoredPostsServer::run_pipeline -> PhoenixCandidatePipeline::execute(); converts ranked posts to FeedItems. This is the 'wrapping' mechanism (S01-F006).,ForYouCandidatePipeline::build,unconditional,see param.rs,xai_feature_switches,Err contributes zero candidates from this source; other sources unaffected (candidate-pipeline/candidate_pipeline.rs fetch_candidates flatten),ScoredPostsQuery,Vec<FeedItem>,S02,DIRECT,None of these 7 candidates are scored by Phoenix -- ForYouCandidatePipeline::scorers() returns &[] (S01-F006).
4,ForYouCandidatePipeline,source,AdsSource,home-mixer/sources/ads_source.rs,AdsSource,Fetches ad candidates via AdIndexClient.,ForYouCandidatePipeline::build,gated (2 checks),see param.rs,xai_feature_switches,Err contributes zero candidates from this source; other sources unaffected (candidate-pipeline/candidate_pipeline.rs fetch_candidates flatten),ScoredPostsQuery,Vec<FeedItem>,S02,DIRECT,None of these 7 candidates are scored by Phoenix -- ForYouCandidatePipeline::scorers() returns &[] (S01-F006).
5,ForYouCandidatePipeline,source,WhoToFollowSource,home-mixer/sources/who_to_follow_source.rs,WhoToFollowSource,Fetches Who-to-Follow recommendation candidates.,ForYouCandidatePipeline::build,gated,see param.rs,xai_feature_switches,Err contributes zero candidates from this source; other sources unaffected (candidate-pipeline/candidate_pipeline.rs fetch_candidates flatten),ScoredPostsQuery,Vec<FeedItem>,S02,DIRECT,None of these 7 candidates are scored by Phoenix -- ForYouCandidatePipeline::scorers() returns &[] (S01-F006).
6,ForYouCandidatePipeline,source,PromptsSource,home-mixer/sources/prompts_source.rs,PromptsSource,Fetches prompt/survey-style injected candidates.,ForYouCandidatePipeline::build,gated,see param.rs,xai_feature_switches,Err contributes zero candidates from this source; other sources unaffected (candidate-pipeline/candidate_pipeline.rs fetch_candidates flatten),ScoredPostsQuery,Vec<FeedItem>,S02,DIRECT,None of these 7 candidates are scored by Phoenix -- ForYouCandidatePipeline::scorers() returns &[] (S01-F006).
7,ForYouCandidatePipeline,source,PushToHomeSource,home-mixer/sources/push_to_home_source.rs,PushToHomeSource,Fetches push-to-home post candidates (query.push_to_home_post_id) via TES+ReplyMixer.,ForYouCandidatePipeline::build,gated (3 checks),see param.rs,xai_feature_switches,Err contributes zero candidates from this source; other sources unaffected (candidate-pipeline/candidate_pipeline.rs fetch_candidates flatten),ScoredPostsQuery,Vec<FeedItem>,S02,DIRECT,None of these 7 candidates are scored by Phoenix -- ForYouCandidatePipeline::scorers() returns &[] (S01-F006).
8,ForYouCandidatePipeline,source,JetfuelFrameSource,home-mixer/sources/jetfuel_frame_source.rs,JetfuelFrameSource,Fetches 'Jetfuel frame' candidates (rich-card/module content) via Strato.,ForYouCandidatePipeline::build,gated (2 checks),see param.rs,xai_feature_switches,Err contributes zero candidates from this source; other sources unaffected (candidate-pipeline/candidate_pipeline.rs fetch_candidates flatten),ScoredPostsQuery,Vec<FeedItem>,S02,DIRECT,None of these 7 candidates are scored by Phoenix -- ForYouCandidatePipeline::scorers() returns &[] (S01-F006).
9,ForYouCandidatePipeline,source,FeedSurveySource,home-mixer/sources/feed_survey_source.rs,FeedSurveySource,Injects feed-survey prompts.,ForYouCandidatePipeline::build,gated,see param.rs,xai_feature_switches,Err contributes zero candidates from this source; other sources unaffected (candidate-pipeline/candidate_pipeline.rs fetch_candidates flatten),ScoredPostsQuery,Vec<FeedItem>,S02,DIRECT,None of these 7 candidates are scored by Phoenix -- ForYouCandidatePipeline::scorers() returns &[] (S01-F006).
10,ForYouCandidatePipeline,filter (pre-selection),PushToHomeDedupFilter,home-mixer/filters/push_to_home_dedup_filter.rs,PushToHomeDedupFilter,Dedupes push-to-home candidates against other sources' output.,ForYouCandidatePipeline::build,gated,see param.rs,xai_feature_switches,"no fallibility at trait level; Filter::filter is a total partition (kept/removed), no Result",Vec<FeedItem>,"FilterResult{kept,removed}",S02,DIRECT,Resolves one of S00's six unplaced filters (S01-F007).
11,ForYouCandidatePipeline,selector,BlenderSelector,home-mixer/selectors/blender_selector.rs,BlenderSelector,Interleaves ranked organic posts with ads/WTF/prompts/push-to-home/jetfuel-frames/feed-survey into final blended order; default ads blender reorders for ad adjacency.,ForYouCandidatePipeline::new(...)::build,unconditional (default enable),N/A,N/A,"if disabled, all candidates pass through unblended",Vec<FeedItem>,"SelectResult{selected,non_selected}",S02,DIRECT,Deep blending-policy semantics owned by S02; S01 establishes only that this selector runs instead of a score-based one.
12,ForYouCandidatePipeline,post_selection_filter,AdAdjacentServedFilter,home-mixer/filters/ad_adjacent_served_filter.rs,AdAdjacentServedFilter,Removes/adjusts posts served adjacent to ads per ad-adjacency policy.,ForYouCandidatePipeline::build,unconditional,N/A,N/A,"no fallibility at trait level; Filter::filter is a total partition (kept/removed), no Result",Vec<FeedItem> (selected),"FilterResult{kept,removed}",S02,DIRECT,Resolves one of S00's six unplaced filters (S01-F007). Largest single filter file in S01's scope (915 lines) -- deep semantics deferred to S02.
13,ForYouCandidatePipeline,side_effect,AdsInjectionLoggingSideEffect,home-mixer/side_effects/ads_injection_logging_side_effect.rs,AdsInjectionLoggingSideEffect,Logs ad-injection events.,ForYouCandidatePipeline::build,gated,see param.rs,xai_feature_switches,fire-and-forget via tokio::spawn; results discarded (let _ = join_all(...)); cannot affect response,SideEffectInput,none (fire-and-forget),S02;S18,DIRECT,
14,ForYouCandidatePipeline,side_effect,ServedAdHistoryCacheSideEffect,home-mixer/side_effects/served_ad_history_cache_side_effect.rs,ServedAdHistoryCacheSideEffect,Writes served-ad history to cache.,ForYouCandidatePipeline::build,gated,see param.rs,xai_feature_switches,fire-and-forget via tokio::spawn; results discarded (let _ = join_all(...)); cannot affect response,SideEffectInput,none (fire-and-forget),S02;S18,DIRECT,
15,ForYouCandidatePipeline,side_effect,PublishSeenIdsToKafkaSideEffect,home-mixer/side_effects/publish_seen_ids_to_kafka_side_effect.rs,PublishSeenIdsToKafkaSideEffect,Publishes seen-post IDs to Kafka.,ForYouCandidatePipeline::build,gated,see param.rs,xai_feature_switches,fire-and-forget via tokio::spawn; results discarded (let _ = join_all(...)); cannot affect response,SideEffectInput,none (fire-and-forget),S02;S18,DIRECT,
16,ForYouCandidatePipeline,side_effect,ServedCandidatesKafkaSideEffect,home-mixer/side_effects/served_candidates_kafka_side_effect.rs,ServedCandidatesKafkaSideEffect,Publishes served-candidate data to Kafka.,ForYouCandidatePipeline::build,gated,see param.rs,xai_feature_switches,fire-and-forget via tokio::spawn; results discarded (let _ = join_all(...)); cannot affect response,SideEffectInput,none (fire-and-forget),S02;S18,DIRECT,
17,ForYouCandidatePipeline,side_effect,ClientEventsKafkaSideEffect,home-mixer/side_effects/client_events_kafka_side_effect.rs,ClientEventsKafkaSideEffect,Publishes client event data to Kafka.,ForYouCandidatePipeline::build,gated,see param.rs,xai_feature_switches,fire-and-forget via tokio::spawn; results discarded (let _ = join_all(...)); cannot affect response,SideEffectInput,none (fire-and-forget),S02;S18,DIRECT,
18,ForYouCandidatePipeline,side_effect,ResponseStatsSideEffect,home-mixer/side_effects/response_stats_side_effect.rs,ResponseStatsSideEffect,Emits response-level statistics.,ForYouCandidatePipeline::build,unconditional,see param.rs,xai_feature_switches,fire-and-forget via tokio::spawn; results discarded (let _ = join_all(...)); cannot affect response,SideEffectInput,none (fire-and-forget),S02;S18,DIRECT,
19,ForYouCandidatePipeline,side_effect,UpdatePastRequestTimestampsSideEffect,home-mixer/side_effects/update_past_request_timestamps_side_effect.rs,UpdatePastRequestTimestampsSideEffect,Updates the past-request-timestamps store.,ForYouCandidatePipeline::build,gated,see param.rs,xai_feature_switches,fire-and-forget via tokio::spawn; results discarded (let _ = join_all(...)); cannot affect response,SideEffectInput,none (fire-and-forget),S02;S18,DIRECT,
20,ForYouCandidatePipeline,side_effect,UpdateServedHistorySideEffect,home-mixer/side_effects/update_served_history_side_effect.rs,UpdateServedHistorySideEffect,Updates served-post history.,ForYouCandidatePipeline::build,gated,see param.rs,xai_feature_switches,fire-and-forget via tokio::spawn; results discarded (let _ = join_all(...)); cannot affect response,SideEffectInput,none (fire-and-forget),S02;S18,DIRECT,
21,ForYouCandidatePipeline,side_effect,TruncateServedHistorySideEffect,home-mixer/side_effects/truncate_served_history_side_effect.rs,TruncateServedHistorySideEffect,Truncates/prunes served-post history.,ForYouCandidatePipeline::build,gated,see param.rs,xai_feature_switches,fire-and-forget via tokio::spawn; results discarded (let _ = join_all(...)); cannot affect response,SideEffectInput,none (fire-and-forget),S02;S18,DIRECT,
22,ForYouCandidatePipeline,result_size,FOR_YOU_MAX_RESULT_SIZE,home-mixer/params/config.rs,FOR_YOU_MAX_RESULT_SIZE,Final truncation size = RESULT_SIZE(35) + FEED_MODULE_SLOTS(4) + MAX_JETFUEL_FRAMES_PER_RESPONSE(8) = 47.,home-mixer/params/config.rs,N/A,47 (const),"not runtime-overridable (Rust const, not a param!())",N/A,N/A,N/A,S17,DIRECT,
1,FollowingCandidatePipeline,query_hydrator,ServedHistoryQueryHydrator,home-mixer/query_hydrators/served_history_query_hydrator.rs,ServedHistoryQueryHydrator,Same component as used in ForYouCandidatePipeline (separate instance).,FollowingCandidatePipeline::build,gated,see param.rs,xai_feature_switches,Err silently skips that hydrator's field update; query proceeds with field unset/default (candidate_pipeline.rs hydrate_query),ScoredPostsQuery,ScoredPostsQuery,S03,DIRECT,
2,FollowingCandidatePipeline,query_hydrator,PastRequestTimestampsQueryHydrator,home-mixer/query_hydrators/past_request_timestamps_query_hydrator.rs,PastRequestTimestampsQueryHydrator,Same component as used in ForYouCandidatePipeline.,FollowingCandidatePipeline::build,gated,see param.rs,xai_feature_switches,Err silently skips that hydrator's field update; query proceeds with field unset/default (candidate_pipeline.rs hydrate_query),ScoredPostsQuery,ScoredPostsQuery,S03,DIRECT,
3,FollowingCandidatePipeline,query_hydrator,FollowedUserIdsQueryHydrator,home-mixer/query_hydrators/followed_user_ids_query_hydrator.rs,FollowedUserIdsQueryHydrator,Hydrates followed-user-ids for ReverseChronPostsPipeline's in-network filtering.,FollowingCandidatePipeline::build,gated,see param.rs,xai_feature_switches,Err silently skips that hydrator's field update; query proceeds with field unset/default (candidate_pipeline.rs hydrate_query),ScoredPostsQuery,ScoredPostsQuery,S03,DIRECT,
4,FollowingCandidatePipeline,source,ReverseChronPostsSource,home-mixer/sources/reverse_chron_posts_source.rs,ReverseChronPostsSource,"Synchronously awaits ReverseChronPostsPipeline::execute() (a separate, unscored, PassthroughSelector pipeline) and wraps its output -- the same peer-source composition pattern as ScoredPostsSource (S01-F006).",FollowingCandidatePipeline::build,unconditional,N/A,N/A,Err contributes zero candidates from this source; other sources unaffected (candidate-pipeline/candidate_pipeline.rs fetch_candidates flatten),ScoredPostsQuery,Vec<FeedItem>,S03,DIRECT,
5,FollowingCandidatePipeline,source,AdsSource,home-mixer/sources/ads_source.rs,AdsSource,Same component as ForYouCandidatePipeline's ads source.,FollowingCandidatePipeline::build,gated,see param.rs,xai_feature_switches,Err contributes zero candidates from this source; other sources unaffected (candidate-pipeline/candidate_pipeline.rs fetch_candidates flatten),ScoredPostsQuery,Vec<FeedItem>,S02,DIRECT,
6,FollowingCandidatePipeline,source,WhoToFollowSource,home-mixer/sources/who_to_follow_source.rs,WhoToFollowSource,Same component as ForYouCandidatePipeline's WTF source.,FollowingCandidatePipeline::build,gated,see param.rs,xai_feature_switches,Err contributes zero candidates from this source; other sources unaffected (candidate-pipeline/candidate_pipeline.rs fetch_candidates flatten),ScoredPostsQuery,Vec<FeedItem>,S02,DIRECT,
7,FollowingCandidatePipeline,source,PromptsSource,home-mixer/sources/prompts_source.rs,PromptsSource,Same component as ForYouCandidatePipeline's prompts source.,FollowingCandidatePipeline::build,gated,see param.rs,xai_feature_switches,Err contributes zero candidates from this source; other sources unaffected (candidate-pipeline/candidate_pipeline.rs fetch_candidates flatten),ScoredPostsQuery,Vec<FeedItem>,S02,DIRECT,
8,FollowingCandidatePipeline,filter,InvalidConversationModuleFilter,home-mixer/filters/invalid_conversation_module_filter.rs,InvalidConversationModuleFilter,Removes conversation-module items deemed invalid for the Following surface.,FollowingCandidatePipeline::build,unconditional,N/A,N/A,"no fallibility at trait level; Filter::filter is a total partition (kept/removed), no Result",Vec<FeedItem>,"FilterResult{kept,removed}",S02,DIRECT,Resolves one of S00's six unplaced filters (S01-F007).
9,FollowingCandidatePipeline,selector,FollowingBlenderSelector,home-mixer/selectors/following_blender_selector.rs,FollowingBlenderSelector,Interleaves reverse-chron posts with ads/WTF/prompts for the plain Following surface (distinct from BlenderSelector).,FollowingCandidatePipeline::build,unconditional (default enable),N/A,N/A,"if disabled, all candidates pass through unblended",Vec<FeedItem>,"SelectResult{selected,non_selected}",S02,DIRECT,
10,FollowingCandidatePipeline,side_effect,AdsInjectionLoggingSideEffect,home-mixer/side_effects/ads_injection_logging_side_effect.rs,AdsInjectionLoggingSideEffect,Logs ad-injection events.,FollowingCandidatePipeline::build,gated,see param.rs,xai_feature_switches,fire-and-forget via tokio::spawn; results discarded (let _ = join_all(...)); cannot affect response,SideEffectInput,none (fire-and-forget),S02;S18,DIRECT,"Same 9 side effects as ForYouCandidatePipeline, separately constructed."
11,FollowingCandidatePipeline,side_effect,ServedAdHistoryCacheSideEffect,home-mixer/side_effects/served_ad_history_cache_side_effect.rs,ServedAdHistoryCacheSideEffect,Writes served-ad history to cache.,FollowingCandidatePipeline::build,gated,see param.rs,xai_feature_switches,fire-and-forget via tokio::spawn; results discarded (let _ = join_all(...)); cannot affect response,SideEffectInput,none (fire-and-forget),S02;S18,DIRECT,"Same 9 side effects as ForYouCandidatePipeline, separately constructed."
12,FollowingCandidatePipeline,side_effect,PublishSeenIdsToKafkaSideEffect,home-mixer/side_effects/publish_seen_ids_to_kafka_side_effect.rs,PublishSeenIdsToKafkaSideEffect,Publishes seen-post IDs to Kafka.,FollowingCandidatePipeline::build,gated,see param.rs,xai_feature_switches,fire-and-forget via tokio::spawn; results discarded (let _ = join_all(...)); cannot affect response,SideEffectInput,none (fire-and-forget),S02;S18,DIRECT,"Same 9 side effects as ForYouCandidatePipeline, separately constructed."
13,FollowingCandidatePipeline,side_effect,ServedCandidatesKafkaSideEffect,home-mixer/side_effects/served_candidates_kafka_side_effect.rs,ServedCandidatesKafkaSideEffect,Publishes served-candidate data to Kafka.,FollowingCandidatePipeline::build,gated,see param.rs,xai_feature_switches,fire-and-forget via tokio::spawn; results discarded (let _ = join_all(...)); cannot affect response,SideEffectInput,none (fire-and-forget),S02;S18,DIRECT,"Same 9 side effects as ForYouCandidatePipeline, separately constructed."
14,FollowingCandidatePipeline,side_effect,ClientEventsKafkaSideEffect,home-mixer/side_effects/client_events_kafka_side_effect.rs,ClientEventsKafkaSideEffect,Publishes client event data to Kafka.,FollowingCandidatePipeline::build,gated,see param.rs,xai_feature_switches,fire-and-forget via tokio::spawn; results discarded (let _ = join_all(...)); cannot affect response,SideEffectInput,none (fire-and-forget),S02;S18,DIRECT,"Same 9 side effects as ForYouCandidatePipeline, separately constructed."
15,FollowingCandidatePipeline,side_effect,ResponseStatsSideEffect,home-mixer/side_effects/response_stats_side_effect.rs,ResponseStatsSideEffect,Emits response-level statistics.,FollowingCandidatePipeline::build,unconditional,see param.rs,xai_feature_switches,fire-and-forget via tokio::spawn; results discarded (let _ = join_all(...)); cannot affect response,SideEffectInput,none (fire-and-forget),S02;S18,DIRECT,"Same 9 side effects as ForYouCandidatePipeline, separately constructed."
16,FollowingCandidatePipeline,side_effect,UpdatePastRequestTimestampsSideEffect,home-mixer/side_effects/update_past_request_timestamps_side_effect.rs,UpdatePastRequestTimestampsSideEffect,Updates the past-request-timestamps store.,FollowingCandidatePipeline::build,gated,see param.rs,xai_feature_switches,fire-and-forget via tokio::spawn; results discarded (let _ = join_all(...)); cannot affect response,SideEffectInput,none (fire-and-forget),S02;S18,DIRECT,"Same 9 side effects as ForYouCandidatePipeline, separately constructed."
17,FollowingCandidatePipeline,side_effect,UpdateServedHistorySideEffect,home-mixer/side_effects/update_served_history_side_effect.rs,UpdateServedHistorySideEffect,Updates served-post history.,FollowingCandidatePipeline::build,gated,see param.rs,xai_feature_switches,fire-and-forget via tokio::spawn; results discarded (let _ = join_all(...)); cannot affect response,SideEffectInput,none (fire-and-forget),S02;S18,DIRECT,"Same 9 side effects as ForYouCandidatePipeline, separately constructed."
18,FollowingCandidatePipeline,side_effect,TruncateServedHistorySideEffect,home-mixer/side_effects/truncate_served_history_side_effect.rs,TruncateServedHistorySideEffect,Truncates/prunes served-post history.,FollowingCandidatePipeline::build,gated,see param.rs,xai_feature_switches,fire-and-forget via tokio::spawn; results discarded (let _ = join_all(...)); cannot affect response,SideEffectInput,none (fire-and-forget),S02;S18,DIRECT,"Same 9 side effects as ForYouCandidatePipeline, separately constructed."
19,FollowingCandidatePipeline,result_size,FOLLOWING_PIPELINE_RESULT_SIZE,home-mixer/params/config.rs,FOLLOWING_PIPELINE_RESULT_SIZE,= FOLLOWING_MAX_RESULT_SIZE(100) + 2 = 102.,home-mixer/params/config.rs,N/A,102 (const),not runtime-overridable (Rust const),N/A,N/A,N/A,S17,DIRECT,
1,RankedFollowingCandidatePipeline,query_hydrator,ServedHistoryQueryHydrator,home-mixer/query_hydrators/served_history_query_hydrator.rs,ServedHistoryQueryHydrator,"Separate instance, same component.",RankedFollowingCandidatePipeline::build,gated,see param.rs,xai_feature_switches,Err silently skips that hydrator's field update; query proceeds with field unset/default (candidate_pipeline.rs hydrate_query),ScoredPostsQuery,ScoredPostsQuery,S02,DIRECT,
2,RankedFollowingCandidatePipeline,query_hydrator,PastRequestTimestampsQueryHydrator,home-mixer/query_hydrators/past_request_timestamps_query_hydrator.rs,PastRequestTimestampsQueryHydrator,"Separate instance, same component.",RankedFollowingCandidatePipeline::build,gated,see param.rs,xai_feature_switches,Err silently skips that hydrator's field update; query proceeds with field unset/default (candidate_pipeline.rs hydrate_query),ScoredPostsQuery,ScoredPostsQuery,S02,DIRECT,
3,RankedFollowingCandidatePipeline,source,ScoredPostsSource,home-mixer/sources/scored_posts_source.rs,ScoredPostsSource,"Same peer-source composition as ForYouCandidatePipeline: awaits PhoenixCandidatePipeline::execute() via ScoredPostsServer::run_pipeline. RankedFollowingFeedService forces query.in_network_only=true at the server layer (home-mixer/server.rs) before this executes, so Phoenix effectively ranks only in-network candidates for this surface.",RankedFollowingCandidatePipeline::build,unconditional,N/A,N/A,Err contributes zero candidates from this source; other sources unaffected (candidate-pipeline/candidate_pipeline.rs fetch_candidates flatten),ScoredPostsQuery,Vec<FeedItem>,S02;S05,DIRECT,
4,RankedFollowingCandidatePipeline,source,AdsSource,home-mixer/sources/ads_source.rs,AdsSource,Same ads source as other pipelines.,RankedFollowingCandidatePipeline::build,gated,see param.rs,xai_feature_switches,Err contributes zero candidates from this source; other sources unaffected (candidate-pipeline/candidate_pipeline.rs fetch_candidates flatten),ScoredPostsQuery,Vec<FeedItem>,S02,DIRECT,"Only 2 sources total -- no WTF/prompts/push-to-home/jetfuel/feed-survey, unlike ForYouCandidatePipeline's 7."
5,RankedFollowingCandidatePipeline,selector,BlenderSelector,home-mixer/selectors/blender_selector.rs,BlenderSelector,Same selector type as ForYouCandidatePipeline (separate instance).,RankedFollowingCandidatePipeline::build,unconditional (default enable),N/A,N/A,"if disabled, all candidates pass through unblended",Vec<FeedItem>,"SelectResult{selected,non_selected}",S02,DIRECT,
6,RankedFollowingCandidatePipeline,side_effect,AdsInjectionLoggingSideEffect,home-mixer/side_effects/ads_injection_logging_side_effect.rs,AdsInjectionLoggingSideEffect,Logs ad-injection events.,RankedFollowingCandidatePipeline::build,gated,see param.rs,xai_feature_switches,fire-and-forget via tokio::spawn; results discarded (let _ = join_all(...)); cannot affect response,SideEffectInput,none (fire-and-forget),S02;S18,DIRECT,"Same 9 side effects, separately constructed."
7,RankedFollowingCandidatePipeline,side_effect,ServedAdHistoryCacheSideEffect,home-mixer/side_effects/served_ad_history_cache_side_effect.rs,ServedAdHistoryCacheSideEffect,Writes served-ad history to cache.,RankedFollowingCandidatePipeline::build,gated,see param.rs,xai_feature_switches,fire-and-forget via tokio::spawn; results discarded (let _ = join_all(...)); cannot affect response,SideEffectInput,none (fire-and-forget),S02;S18,DIRECT,"Same 9 side effects, separately constructed."
8,RankedFollowingCandidatePipeline,side_effect,PublishSeenIdsToKafkaSideEffect,home-mixer/side_effects/publish_seen_ids_to_kafka_side_effect.rs,PublishSeenIdsToKafkaSideEffect,Publishes seen-post IDs to Kafka.,RankedFollowingCandidatePipeline::build,gated,see param.rs,xai_feature_switches,fire-and-forget via tokio::spawn; results discarded (let _ = join_all(...)); cannot affect response,SideEffectInput,none (fire-and-forget),S02;S18,DIRECT,"Same 9 side effects, separately constructed."
9,RankedFollowingCandidatePipeline,side_effect,ServedCandidatesKafkaSideEffect,home-mixer/side_effects/served_candidates_kafka_side_effect.rs,ServedCandidatesKafkaSideEffect,Publishes served-candidate data to Kafka.,RankedFollowingCandidatePipeline::build,gated,see param.rs,xai_feature_switches,fire-and-forget via tokio::spawn; results discarded (let _ = join_all(...)); cannot affect response,SideEffectInput,none (fire-and-forget),S02;S18,DIRECT,"Same 9 side effects, separately constructed."
10,RankedFollowingCandidatePipeline,side_effect,ClientEventsKafkaSideEffect,home-mixer/side_effects/client_events_kafka_side_effect.rs,ClientEventsKafkaSideEffect,Publishes client event data to Kafka.,RankedFollowingCandidatePipeline::build,gated,see param.rs,xai_feature_switches,fire-and-forget via tokio::spawn; results discarded (let _ = join_all(...)); cannot affect response,SideEffectInput,none (fire-and-forget),S02;S18,DIRECT,"Same 9 side effects, separately constructed."
11,RankedFollowingCandidatePipeline,side_effect,ResponseStatsSideEffect,home-mixer/side_effects/response_stats_side_effect.rs,ResponseStatsSideEffect,Emits response-level statistics.,RankedFollowingCandidatePipeline::build,unconditional,see param.rs,xai_feature_switches,fire-and-forget via tokio::spawn; results discarded (let _ = join_all(...)); cannot affect response,SideEffectInput,none (fire-and-forget),S02;S18,DIRECT,"Same 9 side effects, separately constructed."
12,RankedFollowingCandidatePipeline,side_effect,UpdatePastRequestTimestampsSideEffect,home-mixer/side_effects/update_past_request_timestamps_side_effect.rs,UpdatePastRequestTimestampsSideEffect,Updates the past-request-timestamps store.,RankedFollowingCandidatePipeline::build,gated,see param.rs,xai_feature_switches,fire-and-forget via tokio::spawn; results discarded (let _ = join_all(...)); cannot affect response,SideEffectInput,none (fire-and-forget),S02;S18,DIRECT,"Same 9 side effects, separately constructed."
13,RankedFollowingCandidatePipeline,side_effect,UpdateServedHistorySideEffect,home-mixer/side_effects/update_served_history_side_effect.rs,UpdateServedHistorySideEffect,Updates served-post history.,RankedFollowingCandidatePipeline::build,gated,see param.rs,xai_feature_switches,fire-and-forget via tokio::spawn; results discarded (let _ = join_all(...)); cannot affect response,SideEffectInput,none (fire-and-forget),S02;S18,DIRECT,"Same 9 side effects, separately constructed."
14,RankedFollowingCandidatePipeline,side_effect,TruncateServedHistorySideEffect,home-mixer/side_effects/truncate_served_history_side_effect.rs,TruncateServedHistorySideEffect,Truncates/prunes served-post history.,RankedFollowingCandidatePipeline::build,gated,see param.rs,xai_feature_switches,fire-and-forget via tokio::spawn; results discarded (let _ = join_all(...)); cannot affect response,SideEffectInput,none (fire-and-forget),S02;S18,DIRECT,"Same 9 side effects, separately constructed."
15,RankedFollowingCandidatePipeline,result_size,RANKED_FOLLOWING_MAX_RESULT_SIZE,home-mixer/params/config.rs,RANKED_FOLLOWING_MAX_RESULT_SIZE,= 38 (const).,home-mixer/params/config.rs,N/A,38 (const),not runtime-overridable (Rust const),N/A,N/A,N/A,S17,DIRECT,
1,ReverseChronPostsPipeline,source,FollowingNightOwlSource,home-mixer/sources/following_night_owl_source.rs,FollowingNightOwlSource,Fetches followed-account posts in reverse-chronological order via NightOwlClient (this pipeline's sole source).,ReverseChronPostsPipeline::build,unconditional,N/A,N/A,Err contributes zero candidates from this source; other sources unaffected (candidate-pipeline/candidate_pipeline.rs fetch_candidates flatten),ScoredPostsQuery,Vec<PostCandidate>,S03,DIRECT,This pipeline has zero query_hydrators (query_hydrators()->&[]); it consumes fields hydrated by its caller (FollowingCandidatePipeline).
2,ReverseChronPostsPipeline,hydrator,CoreDataCandidateHydrator,home-mixer/candidate_hydrators/core_data_candidate_hydrator.rs,CoreDataCandidateHydrator,Hydrates core tweet text/metadata via TES.,ReverseChronPostsPipeline::build,gated,see param.rs,xai_feature_switches,per-candidate Err silently skipped (candidate keeps prior field values); does not drop candidate or fail request (candidate-pipeline/hydrator.rs update_all default),Vec<PostCandidate>,Vec<PostCandidate>,S03,DIRECT,
3,ReverseChronPostsPipeline,hydrator,ConversationGapAncestorHydrator,home-mixer/candidate_hydrators/conversation_gap_ancestor_hydrator.rs,ConversationGapAncestorHydrator,Hydrates missing thread-ancestor context for conversation display.,ReverseChronPostsPipeline::build,unconditional,see param.rs,xai_feature_switches,per-candidate Err silently skipped (candidate keeps prior field values); does not drop candidate or fail request (candidate-pipeline/hydrator.rs update_all default),Vec<PostCandidate>,Vec<PostCandidate>,S03,DIRECT,
4,ReverseChronPostsPipeline,filter,FollowingRetweetDeduplicationFilter,home-mixer/filters/following_retweet_deduplication_filter.rs,FollowingRetweetDeduplicationFilter,Dedupes repeated reposts for the Following/reverse-chron surface.,ReverseChronPostsPipeline::build,unconditional,N/A,N/A,"no fallibility at trait level; Filter::filter is a total partition (kept/removed), no Result",Vec<PostCandidate>,"FilterResult{kept,removed}",S02;S03,DIRECT,Resolves one of S00's six unplaced filters (S01-F007).
5,ReverseChronPostsPipeline,filter,SelfReplyChainFilter,home-mixer/filters/self_reply_chain_filter.rs,SelfReplyChainFilter,Removes/collapses self-reply chains.,ReverseChronPostsPipeline::build,unconditional,N/A,N/A,"no fallibility at trait level; Filter::filter is a total partition (kept/removed), no Result",Vec<PostCandidate>,"FilterResult{kept,removed}",S02;S03,DIRECT,Resolves one of S00's six unplaced filters (S01-F007).
6,ReverseChronPostsPipeline,post_selection_hydrator,VFCandidateHydrator,home-mixer/candidate_hydrators/vf_candidate_hydrator.rs,VFCandidateHydrator,Same component as PhoenixCandidatePipeline's VF hydrator (separate instance).,ReverseChronPostsPipeline::build,unconditional,N/A,N/A,per-candidate Err silently skipped (candidate keeps prior field values); does not drop candidate or fail request (candidate-pipeline/hydrator.rs update_all default),Vec<PostCandidate>,Vec<PostCandidate>,S14,DIRECT,
7,ReverseChronPostsPipeline,post_selection_hydrator,AdsBrandSafetyVfHydrator,home-mixer/candidate_hydrators/ads_brand_safety_vf_hydrator.rs,AdsBrandSafetyVfHydrator,Same component (separate instance).,ReverseChronPostsPipeline::build,unconditional,N/A,N/A,per-candidate Err silently skipped (candidate keeps prior field values); does not drop candidate or fail request (candidate-pipeline/hydrator.rs update_all default),Vec<PostCandidate>,Vec<PostCandidate>,S14,DIRECT,
8,ReverseChronPostsPipeline,post_selection_hydrator,TweetTypeMetricsHydrator,home-mixer/candidate_hydrators/tweet_type_metrics_hydrator.rs,TweetTypeMetricsHydrator,Same component (separate instance).,ReverseChronPostsPipeline::build,unconditional,N/A,N/A,per-candidate Err silently skipped (candidate keeps prior field values); does not drop candidate or fail request (candidate-pipeline/hydrator.rs update_all default),Vec<PostCandidate>,Vec<PostCandidate>,S14,DIRECT,
9,ReverseChronPostsPipeline,post_selection_filter,VFFilter,home-mixer/filters/vf_filter.rs,VFFilter,Same component as PhoenixCandidatePipeline's VF filter (separate instance).,ReverseChronPostsPipeline::build,unconditional,N/A,N/A,"no fallibility at trait level; Filter::filter is a total partition (kept/removed), no Result",Vec<PostCandidate>,"FilterResult{kept,removed}",S14,DIRECT,
10,ReverseChronPostsPipeline,post_selection_filter,AncillaryVFFilter,home-mixer/filters/ancillary_vf_filter.rs,AncillaryVFFilter,Same component (separate instance).,ReverseChronPostsPipeline::build,unconditional,N/A,N/A,"no fallibility at trait level; Filter::filter is a total partition (kept/removed), no Result",Vec<PostCandidate>,"FilterResult{kept,removed}",S14,DIRECT,
11,ReverseChronPostsPipeline,selector,PassthroughSelector,home-mixer/selectors/passthrough_selector.rs,PassthroughSelector,No scoring/reranking; candidates pass through in retrieval order (this pipeline has zero scorers).,ReverseChronPostsPipeline::build,unconditional (default enable),N/A,N/A,"if disabled, all candidates pass through anyway (same as enabled, given passthrough semantics)",Vec<PostCandidate>,"SelectResult{selected,non_selected}",S03,DIRECT,"Confirms this pipeline is genuinely unranked/reverse-chronological, not Phoenix-scored."
12,ReverseChronPostsPipeline,result_size,FOLLOWING_POST_FETCH_SIZE,home-mixer/params/config.rs,FOLLOWING_POST_FETCH_SIZE,= FOLLOWING_MAX_RESULT_SIZE(100) - FOLLOWING_ADS_TOP_K(9) = 91.,home-mixer/params/config.rs,N/A,91 (const),not runtime-overridable (Rust const),N/A,N/A,N/A,S17,DIRECT,"side_effects() is empty Vec for this pipeline (no side effects at this layer; FollowingCandidatePipeline, the caller, has its own)."
1,PhoenixScoresPipeline,query_hydrator,ScoringSequenceQueryHydrator,home-mixer/query_hydrators/scoring_sequence_query_hydrator.rs,ScoringSequenceQueryHydrator,Same component as PhoenixCandidatePipeline's (separate instance).,PhoenixScoresPipeline::build_with_clients,gated,see param.rs,xai_feature_switches,Err silently skips that hydrator's field update; query proceeds with field unset/default (candidate_pipeline.rs hydrate_query),ScoredPostsQuery,ScoredPostsQuery,S05,DIRECT,
2,PhoenixScoresPipeline,query_hydrator,FollowedUserIdsQueryHydrator,home-mixer/query_hydrators/followed_user_ids_query_hydrator.rs,FollowedUserIdsQueryHydrator,Same component (separate instance).,PhoenixScoresPipeline::build_with_clients,gated,see param.rs,xai_feature_switches,Err silently skips that hydrator's field update; query proceeds with field unset/default (candidate_pipeline.rs hydrate_query),ScoredPostsQuery,ScoredPostsQuery,S05,DIRECT,
3,PhoenixScoresPipeline,query_hydrator,UserDemographicsQueryHydrator,home-mixer/query_hydrators/user_demographics_query_hydrator.rs,UserDemographicsQueryHydrator,Same component (separate instance).,PhoenixScoresPipeline::build_with_clients,gated,see param.rs,xai_feature_switches,Err silently skips that hydrator's field update; query proceeds with field unset/default (candidate_pipeline.rs hydrate_query),ScoredPostsQuery,ScoredPostsQuery,S05,DIRECT,
4,PhoenixScoresPipeline,query_hydrator,UserInferredGenderQueryHydrator,home-mixer/query_hydrators/user_inferred_gender_query_hydrator.rs,UserInferredGenderQueryHydrator,Same component (separate instance).,PhoenixScoresPipeline::build_with_clients,gated,see param.rs,xai_feature_switches,Err silently skips that hydrator's field update; query proceeds with field unset/default (candidate_pipeline.rs hydrate_query),ScoredPostsQuery,ScoredPostsQuery,S05,DIRECT,
5,PhoenixScoresPipeline,query_hydrator,FollowedGrokTopicsQueryHydrator,home-mixer/query_hydrators/followed_grok_topics_query_hydrator.rs,FollowedGrokTopicsQueryHydrator,Same component (separate instance).,PhoenixScoresPipeline::build_with_clients,gated,see param.rs,xai_feature_switches,Err silently skips that hydrator's field update; query proceeds with field unset/default (candidate_pipeline.rs hydrate_query),ScoredPostsQuery,ScoredPostsQuery,S05,DIRECT,
6,PhoenixScoresPipeline,query_hydrator,FollowedStarterPacksQueryHydrator,home-mixer/query_hydrators/followed_starter_packs_query_hydrator.rs,FollowedStarterPacksQueryHydrator,Same component (separate instance).,PhoenixScoresPipeline::build_with_clients,gated,see param.rs,xai_feature_switches,Err silently skips that hydrator's field update; query proceeds with field unset/default (candidate_pipeline.rs hydrate_query),ScoredPostsQuery,ScoredPostsQuery,S05,DIRECT,
7,PhoenixScoresPipeline,query_hydrator,UserInstalledAppsQueryHydrator,home-mixer/query_hydrators/user_installed_apps_query_hydrator.rs,UserInstalledAppsQueryHydrator,Same component (separate instance).,PhoenixScoresPipeline::build_with_clients,gated,see param.rs,xai_feature_switches,Err silently skips that hydrator's field update; query proceeds with field unset/default (candidate_pipeline.rs hydrate_query),ScoredPostsQuery,ScoredPostsQuery,S05,DIRECT,
8,PhoenixScoresPipeline,query_hydrator,IpQueryHydrator,home-mixer/query_hydrators/ip_query_hydrator.rs,IpQueryHydrator,Same component (separate instance).,PhoenixScoresPipeline::build_with_clients,gated,see param.rs,xai_feature_switches,Err silently skips that hydrator's field update; query proceeds with field unset/default (candidate_pipeline.rs hydrate_query),ScoredPostsQuery,ScoredPostsQuery,S05,DIRECT,
9,PhoenixScoresPipeline,source,SeedCandidatesSource,home-mixer/sources/seed_candidates_source.rs,SeedCandidatesSource,Builds candidates directly from query.seed_candidate_post_ids (caller-supplied explicit tweet IDs via PhoenixScoresService's RPC) rather than retrieving from Thunder/Phoenix/SimClusters.,PhoenixScoresPipeline::build_with_clients,gated,see param.rs,xai_feature_switches,Err contributes zero candidates from this source; other sources unaffected (candidate-pipeline/candidate_pipeline.rs fetch_candidates flatten),ScoredPostsQuery (seed_candidate_post_ids),Vec<PostCandidate>,S05,DIRECT,"Confirms PhoenixScoresPipeline is a bulk/raw scoring API for caller-specified candidates, not a feed-retrieval pipeline (S01-F009)."
10,PhoenixScoresPipeline,hydrator,CoreDataCandidateHydrator,home-mixer/candidate_hydrators/core_data_candidate_hydrator.rs,CoreDataCandidateHydrator,Same component (separate instance).,PhoenixScoresPipeline::build_with_clients,gated,see param.rs,xai_feature_switches,per-candidate Err silently skipped (candidate keeps prior field values); does not drop candidate or fail request (candidate-pipeline/hydrator.rs update_all default),Vec<PostCandidate>,Vec<PostCandidate>,S05,DIRECT,
11,PhoenixScoresPipeline,hydrator,InNetworkCandidateHydrator,home-mixer/candidate_hydrators/in_network_candidate_hydrator.rs,InNetworkCandidateHydrator,Same component (separate instance).,PhoenixScoresPipeline::build_with_clients,gated,see param.rs,xai_feature_switches,per-candidate Err silently skipped (candidate keeps prior field values); does not drop candidate or fail request (candidate-pipeline/hydrator.rs update_all default),Vec<PostCandidate>,Vec<PostCandidate>,S05,DIRECT,
12,PhoenixScoresPipeline,hydrator,GizmoduckCandidateHydrator,home-mixer/candidate_hydrators/gizmoduck_hydrator.rs,GizmoduckCandidateHydrator,Same component (separate instance).,PhoenixScoresPipeline::build_with_clients,gated,see param.rs,xai_feature_switches,per-candidate Err silently skipped (candidate keeps prior field values); does not drop candidate or fail request (candidate-pipeline/hydrator.rs update_all default),Vec<PostCandidate>,Vec<PostCandidate>,S05,DIRECT,
13,PhoenixScoresPipeline,hydrator,MediaInfoHydrator,home-mixer/candidate_hydrators/media_info_hydrator.rs,MediaInfoHydrator,Same component (separate instance).,PhoenixScoresPipeline::build_with_clients,gated,see param.rs,xai_feature_switches,per-candidate Err silently skipped (candidate keeps prior field values); does not drop candidate or fail request (candidate-pipeline/hydrator.rs update_all default),Vec<PostCandidate>,Vec<PostCandidate>,S05,DIRECT,
14,PhoenixScoresPipeline,hydrator,LanguageCodeHydrator,home-mixer/candidate_hydrators/language_code_hydrator.rs,LanguageCodeHydrator,Same component (separate instance).,PhoenixScoresPipeline::build_with_clients,gated,see param.rs,xai_feature_switches,per-candidate Err silently skipped (candidate keeps prior field values); does not drop candidate or fail request (candidate-pipeline/hydrator.rs update_all default),Vec<PostCandidate>,Vec<PostCandidate>,S05,DIRECT,
15,PhoenixScoresPipeline,hydrator,QuoteHydrator,home-mixer/candidate_hydrators/quote_hydrator.rs,QuoteHydrator,Same component (separate instance).,PhoenixScoresPipeline::build_with_clients,gated,see param.rs,xai_feature_switches,per-candidate Err silently skipped (candidate keeps prior field values); does not drop candidate or fail request (candidate-pipeline/hydrator.rs update_all default),Vec<PostCandidate>,Vec<PostCandidate>,S05,DIRECT,
16,PhoenixScoresPipeline,hydrator,SemanticIdHydrator,home-mixer/candidate_hydrators/semantic_id_hydrator.rs,SemanticIdHydrator,Same component (separate instance).,PhoenixScoresPipeline::build_with_clients,unconditional,see param.rs,xai_feature_switches,per-candidate Err silently skipped (candidate keeps prior field values); does not drop candidate or fail request (candidate-pipeline/hydrator.rs update_all default),Vec<PostCandidate>,Vec<PostCandidate>,S05,DIRECT,
17,PhoenixScoresPipeline,filter,CoreDataHydrationFilter,home-mixer/filters/core_data_hydration_filter.rs,CoreDataHydrationFilter,"Removes candidates whose core text/metadata failed to hydrate (same component as PhoenixCandidatePipeline's, separate instance).",PhoenixScoresPipeline::build_with_clients,unconditional,N/A,N/A,"no fallibility at trait level; Filter::filter is a total partition (kept/removed), no Result",Vec<PostCandidate>,"FilterResult{kept,removed}",S05,DIRECT,
18,PhoenixScoresPipeline,scorer,PhoenixScorer,home-mixer/scorers/phoenix_scorer.rs,PhoenixScorer,Same component as PhoenixCandidatePipeline's (separate instance/dispatch config).,PhoenixScoresPipeline::build_with_clients,request-state + decider gated,see param.rs,xai_feature_switches,per-candidate Err silently skipped (candidate keeps prior score fields); does not drop candidate or fail request (candidate-pipeline/scorer.rs update_all default),Vec<PostCandidate>,Vec<PostCandidate>,S05,DIRECT,PhoenixScoresRankingScorer's exact formula not deep-read in S01 (deferred to S05); distinct symbol from PhoenixCandidatePipeline's RankingScorer confirms this is a separate scoring formula for this API.
19,PhoenixScoresPipeline,scorer,PhoenixScoresRankingScorer,home-mixer/scorers/phoenix_scores_ranking_scorer.rs,PhoenixScoresRankingScorer,A distinct ranking scorer from PhoenixCandidatePipeline's RankingScorer -- computes a score for the raw-scores API rather than the full weighted-sum feed-ranking formula.,PhoenixScoresPipeline::build_with_clients,unconditional,see param.rs,xai_feature_switches,per-candidate Err silently skipped (candidate keeps prior score fields); does not drop candidate or fail request (candidate-pipeline/scorer.rs update_all default),Vec<PostCandidate>,Vec<PostCandidate>,S05,DIRECT,PhoenixScoresRankingScorer's exact formula not deep-read in S01 (deferred to S05); distinct symbol from PhoenixCandidatePipeline's RankingScorer confirms this is a separate scoring formula for this API.
20,PhoenixScoresPipeline,selector,PassthroughSelector,home-mixer/selectors/passthrough_selector.rs,PassthroughSelector,No score-based truncation/reordering at the selector stage; ordering and size are governed entirely by ResultSizeFilter afterward.,PhoenixScoresPipeline::build_with_clients,unconditional (default enable),N/A,N/A,"if disabled, candidates pass through unchanged (same as enabled)",Vec<PostCandidate>,"SelectResult{selected,non_selected}",S05,DIRECT,
21,PhoenixScoresPipeline,post_selection_filter,ResultSizeFilter,home-mixer/filters/result_size_filter.rs,ResultSizeFilter,Truncates/enforces a result-size bound as a filter rather than via the selector.,PhoenixScoresPipeline::build_with_clients,unconditional,N/A,N/A,"no fallibility at trait level; Filter::filter is a total partition (kept/removed), no Result",Vec<PostCandidate>,"FilterResult{kept,removed}",S05,DIRECT,Resolves one of S00's six unplaced filters (S01-F007).
22,PhoenixScoresPipeline,side_effect,ScoredStatsSideEffect,home-mixer/side_effects/scored_stats_side_effect.rs,ScoredStatsSideEffect,"Emits scoring statistics/metrics (same component as PhoenixCandidatePipeline's, separate instance).",PhoenixScoresPipeline::build_with_clients,gated,see param.rs,xai_feature_switches,fire-and-forget via tokio::spawn; results discarded; cannot affect response,SideEffectInput,none (fire-and-forget),S18,DIRECT,Sole side effect for this pipeline.
23,PhoenixScoresPipeline,result_size,RESULT_SIZE (local const),home-mixer/candidate_pipeline/phoenix_scores_pipeline.rs,const RESULT_SIZE: usize = 2800,"Final truncation size = 2800, roughly 60-80x larger than any other pipeline's result size.",home-mixer/candidate_pipeline/phoenix_scores_pipeline.rs:L78,N/A,2800 (const),not runtime-overridable (Rust const),N/A,N/A,N/A,S05;S17,DIRECT,"Strongly supports S01-F009's interpretation that this pipeline is a bulk scoring API, not a feed-ranking surface: no product-facing feed shows 2800 posts."
