surface,pipeline,stage,component,component_type,source_path,role,enable_or_gate,input,output_type,max_or_quota,ordering_or_spacing,dedup_or_filter_behavior,failure_behavior,external_dependency,runtime_config_boundary,downstream_pass,evidence_class,notes
ForYou,ForYouCandidatePipeline,pre-selection filter,PushToHomeDedupFilter,filter,home-mixer/filters/push_to_home_dedup_filter.rs,removes any organic FeedItem duplicating the pinned push-to-home post,gated on query.push_to_home_post_id.is_some(),FeedItem list (post/ad/wtf/prompt/pth/frame/survey mix),FeedItem list,n/a,n/a,removes post FeedItems whose tweet_id or retweeted_tweet_id equals push_to_home_post_id,none,none,checked-in,S02,DIRECT,pairs with BlenderSelector::pin_push_to_home which places the PTH post at index 0
ForYou,ForYouCandidatePipeline,selector,BlenderSelector,selector,home-mixer/selectors/blender_selector.rs,partitions FeedItems by type then blends posts+ads and inserts non-post content at fixed slots,always runs (the pipeline's sole selector),FeedItem list from all 7 sources,"SelectResult{selected,non_selected}",result_size() truncation happens at pipeline level after select,"blend first; then insert_prompts, insert_who_to_follow, pin_push_to_home, insert_frames, insert_feed_survey in that literal call order (S02-F003)",n/a,no fallibility at Selector trait level,none,AdsBlenderType param selects which of 3 ad blenders runs; checked-in call order otherwise,S02,DIRECT,does not renumber FeedItem.position after non-post insertion (S02-F004)
ForYou,ForYouCandidatePipeline,ad blending (default),PartitionOrganicAdsBlender,ads blender,home-mixer/ads/partition_organic_blender.rs,groups safe posts into ad-slot triples (above/ad/below) subject to adjacency checks,selected when AdsBlenderType param != safe_gap/time_gap (default fallback),posts+ads from partition_feed_items,Vec<FeedItem>,"actual_ads = min(ads.len(), spacing-derived max, safe_posts/2); truncates to RESULT_SIZE=35",ad slots spaced by compute_spacing(ads) derived from ad.insert_position deltas; filler posts distributed evenly between ad slots,n/a,drops individual ads failing BSR-low/handle/keyword checks; drops ALL ads if placed_ads==0 (S02-F006); never drops organic posts,none,checked-in constants (MIN_POSTS_FOR_ADS=5),S02,DIRECT,last item popped if it is an Ad (never end feed on an ad)
ForYou,ForYouCandidatePipeline,ad blending (param-gated),SafeGapAdsBlender,ads blender,home-mixer/ads/safe_gap_blender.rs,places ads into ideal-spacing-nearest safe gaps via binary search,"selected when query.params.get(AdsBlenderType)==""safe_gap""",posts+ads,Vec<FeedItem>,truncates to result_size (default RESULT_SIZE=35),ideal spacing computed from first ad's insert_position + compute_spacing,n/a,excludes MediumRisk-adjacent gaps only; does NOT run BSR-low/handle/keyword checks (S02-F005),none,param-gated (AdsBlenderType),S02,DIRECT,materially different adjacency-safety coverage than the other two blenders
ForYou,ForYouCandidatePipeline,ad blending (param-gated),TimeGapAdsBlender,ads blender,home-mixer/ads/time_gap_blender.rs,places ads based on predicted-dwell-time gaps plus a minimum organic-post gap,"selected when query.params.get(AdsBlenderType)==""time_gap""",posts+ads,Vec<FeedItem>,truncates to RESULT_SIZE=35,"dwell-time need computed from TimeGapConfig (t_sec/clamp_lo/clamp_hi/min_organic_gap, all query-param-sourced)",n/a,same BSR-low/handle/keyword checks as PartitionOrganicAdsBlender; drops all ads if placed_ads==0,none,all 4 TimeGapConfig fields are query.params.get(...) values,S02,DIRECT,shares fallback/never-drop-organic semantics with PartitionOrganicAdsBlender
ForYou,ForYouCandidatePipeline,non-post source,WhoToFollowSource,source,home-mixer/sources/who_to_follow_source.rs,fetches account recommendations and wraps as one WhoToFollowModule FeedItem,gated on EnableWhoToFollowModule param AND query.who_to_follow_eligible,ScoredPostsQuery,Vec<FeedItem> (0 or 1 item),truncates recommendations to MAX_WHO_TO_FOLLOW_USERS=3,"BlenderSelector inserts at index min(WHO_TO_FOLLOW_POSITION-1,len)=5 unless displaced by push-to-home",excludes users already served via WTF served_history entries (last 200),source error -> zero candidates (framework-level per-source isolation),xai_account_recommendations_mixer (external WTF service),EnableWhoToFollowModule + who_to_follow_eligible flag,S02,DIRECT,a third served_history consumer alongside PreviouslyServedPostsFilter and AdAdjacentServedFilter
ForYou,ForYouCandidatePipeline,non-post source,PromptsSource,source,home-mixer/sources/prompts_source.rs,fetches injectable prompt content,gated on EnablePrompts param,ScoredPostsQuery,Vec<FeedItem> (0..N Prompt items),no cap in this source; BlenderSelector stacks all at front via insert_prompts,each prompt gets FeedItem.position=PROMPTS_POSITION(0) regardless of stack index (S02-F004),n/a,source error -> zero candidates,xai_prompts_thrift injection service (external),EnablePrompts,S02,DIRECT,DisplayLocation differs Following vs default request type
ForYou,ForYouCandidatePipeline,non-post source,PushToHomeSource,source,home-mixer/sources/push_to_home_source.rs,fetches the focal push-notification tweet plus up to 3 top-replier facepile IDs,gated on query.push_to_home_post_id.is_some() (deep-link/push-tap request only),ScoredPostsQuery,Vec<FeedItem> (0 or 1 PushToHomePost),facepile capped at MAX_REPLIERS=3,BlenderSelector pins at literal index 0 via pin_push_to_home (after prompts/WTF already inserted -- S02-F003),n/a,reply-mixer facepile fetch fails open to empty facepile list (logged warning); TES lookup failure returns Err for the whole source,TES client + ReplyMixer client (both external),query-supplied push_to_home_post_id,S02,DIRECT,"only enabled by a specific request shape, not a general-request source"
ForYou,ForYouCandidatePipeline,non-post source,JetfuelFrameSource,source,home-mixer/sources/jetfuel_frame_source.rs,fetches sports-topic Jetfuel card content (not independently opened this pass; role from frames/plan.rs consumer + S01 TRIAGED note),gated on topic-request shape (frames::eligible requires EnableJetfuelFrames + query.topic_ids containing a known sports topic id),ScoredPostsQuery,Vec<FeedItem> (0..N Frame items),plan() caps to MAX_JETFUEL_FRAMES_PER_RESPONSE=8,"BlenderSelector's insert_frames delegates to frames::plan (pinned frames first by rank, then recurring frames at computed slots)",n/a,source error -> zero candidates,Strato client (external),EnableJetfuelFrames + per-timeline/per-frame param gates,S02,STRONG_INFERENCE,catalog.rs enumerates 4 topic timelines (soccer/NFL/MLB/baseball) each with pinned and/or recurring frame defs
ForYou,ForYouCandidatePipeline,non-post source,FeedSurveySource,source,home-mixer/sources/feed_survey_source.rs,emits a single empty-payload FeedSurvey marker,gated on EnableFeedSurvey param AND query.feed_survey_eligible,ScoredPostsQuery,Vec<FeedItem> (exactly 1 when enabled),1,"BlenderSelector inserts at min(FEED_SURVEY_POSITION-1,len)=11",n/a,none (trivial always-Ok source),none,EnableFeedSurvey + feed_survey_eligible flag,S02,DIRECT,client renders the actual survey UI from this marker; source carries no payload
ForYou,ForYouCandidatePipeline,ads source,AdsSource,source,home-mixer/sources/ads_source.rs,fetches eligible ads from the external ad-index service; no local re-ranking,gated on EnableAdsSource param AND !query.is_preview,ScoredPostsQuery (ClientContext + DSP context),Vec<FeedItem> (Ad variant),bounded entirely by the external ad service's response,ad order/ranking as returned by ad_index_client is passed through unchanged; BlenderSelector's chosen AdsBlender determines final position,n/a,source error -> zero ads for that request (framework-level isolation),AdIndexClient / external ad_index service,EnableAdsSource + is_preview check,S02,DIRECT,ProductSurface differs by RequestType (RankedFollowing/Following/default-Ranking) -- mirrors AdsInjectionLoggingSideEffect's mapping
ForYou,ForYouCandidatePipeline,post-selection filter,AdAdjacentServedFilter,filter,home-mixer/filters/ad_adjacent_served_filter.rs,repairs ad-adjacent-to-previously-served-post violations by swapping in an eligible neighbor; drops the ad only if no swap exists,gated on EnableAdAdjacentServedFilter param AND !is_bottom_request AND RequestContext not in denylist (PullToRefresh/Launch/Signup/ForegroundTruncate/Gap),selected FeedItem list (post+ad mix),"FilterResult{kept,removed}",n/a,near-side-then-far-side outward search from each violating ad,never drops an organic post (S02-F007); falls back to dropping only the ad,no fallibility at Filter trait level,none,EnableAdAdjacentServedFilter + RequestContext denylist,S02,DIRECT,positions renumbered only if insert_count>0 or removed non-empty
Following,FollowingCandidatePipeline,pre-selection filter,InvalidConversationModuleFilter,filter,home-mixer/filters/invalid_conversation_module_filter.rs,collapses each reply thread to one focal (deepest) reply plus its ancestors; drops shallower replies and retweets of dropped roots,unconditional (no enable() override),unranked FeedItem list from ReverseChronPostsSource + ads/WTF/prompts,"FilterResult{kept,removed}",n/a,"n/a (grouping by ancestor-min root id, not spacing)",delegates entirely to util::conversation_grouping::select_conversation_modules,no fallibility,none,checked-in,S02,DIRECT,name implies invalidity-removal; actual behavior is thread-collapse-to-one-representative (S02-F010)
Following,FollowingCandidatePipeline,selector,FollowingBlenderSelector,selector,home-mixer/selectors/following_blender_selector.rs,blends posts+ads via FollowingAdBlender then conditionally inserts prompts/WTF,always runs (pipeline's sole selector),FeedItem list (post/ad/wtf/prompt only -- no PTH/frame/survey sources on this pipeline),"SelectResult{selected,non_selected}",FOLLOWING_MAX_RESULT_SIZE=100 passed as blender result_size,insert_prompts always; insert_who_to_follow only if input_post_count > FOLLOWING_WHO_TO_FOLLOW_MIN_POSTS(10),no dedup at selector level,no fallibility at Selector trait level,none,checked-in FOLLOWING_WHO_TO_FOLLOW_MIN_POSTS threshold,S02,DIRECT,distinct selector type from BlenderSelector -- Following surface never receives PTH/frames/survey content
Following,FollowingCandidatePipeline,ad blending,FollowingAdBlender,ads blender,home-mixer/ads/following_ad_blender.rs,places ads only between whole conversation units (reply threads treated as atomic),always the blender for this surface (not param-selected),posts partitioned into units by same_conversation_unit,Vec<FeedItem>,result_size passed by caller (FOLLOWING_MAX_RESULT_SIZE=100); spacing measured in units not posts,unit-level BSR-low/handle/keyword checks (S02-F012); ad only placed after a unit's last post,n/a,never places an ad inside a reply-thread unit; drops ads with no eligible unit boundary,none,checked-in,S02,DIRECT,structurally distinct from all 3 For-You-family blenders
Following,ReverseChronPostsPipeline,pre-selection filter,FollowingRetweetDeduplicationFilter,filter,home-mixer/filters/following_retweet_deduplication_filter.rs,keeps native tweets over retweets of the same source; drops later duplicate retweets,unconditional,PostCandidate list,"FilterResult{kept,removed}",n/a,order-dependent among retweets sharing a source (first-seen wins),native tweets always kept; retweet dropped if its own id or its source id already seen,no fallibility,none,checked-in,S02,DIRECT,distinct algorithm from the general-purpose RetweetDeduplicationFilter used on PhoenixCandidatePipeline
Following,ReverseChronPostsPipeline,pre-selection filter,SelfReplyChainFilter,filter,home-mixer/filters/self_reply_chain_filter.rs,drops self-reply-chain candidates whose effective directed-at user is not followed/viewer,unconditional,PostCandidate list,"FilterResult{kept,removed}",n/a,n/a,"keeps if not a reply, or ancestor_users empty, or author_id==0, or first non-self ancestor is followed/viewer; else drops",no fallibility,none,checked-in,S02,DIRECT,name implies self-reply scope only; predicate is about the reply chain's effective addressee
RankedFollowing,RankedFollowingCandidatePipeline,selector,BlenderSelector (reused from ForYou),selector,home-mixer/selectors/blender_selector.rs,"identical selector to ForYou; degrades to pure posts+ads blend since sources=[ScoredPostsSource,AdsSource] only",always runs,FeedItem list (post+ad only for this surface),"SelectResult{selected,non_selected}",RANKED_FOLLOWING_MAX_RESULT_SIZE=38 truncation at pipeline level,insert_prompts/insert_who_to_follow/pin_push_to_home/insert_frames/insert_feed_survey are all no-ops (empty buckets),n/a,no fallibility,none,checked-in,S02,DIRECT,S02-F011: mechanism-level confirmation of Ranked Following == Phoenix-ranked posts + ads
PhoenixScores,PhoenixScoresPipeline,post-selection filter,ResultSizeFilter,filter,home-mixer/filters/result_size_filter.rs,truncates scored seed-candidate results to a param-controlled limit,unconditional (no enable() override),"PostCandidate list (already scored, from caller-supplied seed_candidate_post_ids)","FilterResult{kept,removed}",limit = query.params.get(PhoenixScoresResultSize),"simple split_off truncation, no reordering",candidates beyond the limit go to removed (not returned in response),no fallibility,none,PhoenixScoresResultSize param,S02,DIRECT,"operates on a debug/programmatic endpoint (PhoenixScoresService), not a normal feed surface"
All (framework-wide),n/a,post-selection filter,PreviouslySeenPostsBackupFilter,filter,home-mixer/filters/previously_seen_posts_backup_filter.rs,intended second-record seen-post dedup; confirmed permanent no-op in this snapshot,unconditional (no enable() override) but its sole data dependency is always empty,PostCandidate list,"FilterResult{kept,removed}",n/a,n/a,early-returns kept=all whenever query.impressed_post_ids is empty (always true per S01-F001),no fallibility,none,checked-in,S02,DIRECT,S02-F014: carry-forward of S01-F001; two other active seen/served mechanisms exist alongside this dead one
All (ForYou path),PhoenixCandidatePipeline,pre-scoring filter,PreviouslySeenPostsFilter,filter,home-mixer/filters/previously_seen_posts_filter.rs,active same-request seen-post suppression using client-supplied seen_ids + bloom filters,unconditional,PostCandidate list,"FilterResult{kept,removed}",n/a,n/a,removes candidate if tweet_id/retweeted_tweet_id/in_reply_to_tweet_id is in query.seen_ids or matches any bloom filter entry,no fallibility,none,checked-in,S02,DIRECT,seen_ids populated directly from client-supplied proto_query.seen_ids (server.rs L116) -- not a query-hydrator output
All (ForYou path),PhoenixCandidatePipeline,pre-scoring filter,PreviouslyServedPostsFilter,filter,home-mixer/filters/previously_served_posts_filter.rs,active cross-request served-post suppression using server-persisted served_history,gated on EnableServedFilterAllRequests param OR (is_bottom_request AND request_context != ForegroundTruncate),PostCandidate list,"FilterResult{kept,removed}",n/a,n/a,removes candidate if tweet_id/retweeted_tweet_id/in_reply_to_tweet_id is in query.served_ids,no fallibility,none,EnableServedFilterAllRequests + is_bottom_request gate,S02,DIRECT,served_ids populated by UpdateServedHistorySideEffect writes from prior responses -- primarily a pagination/scroll-down mechanism
All (ForYou path),PhoenixCandidatePipeline,pre-scoring filter,PopularTopicsAuthorDedupFilter,filter,home-mixer/filters/popular_topics_author_dedup_filter.rs,intended one-per-author dedup for Popular Topics candidates; dormant (module-tree absent per S01-F002; predicate also never matches given source absence),not declared in filters/mod.rs -- not part of the compiled crate,n/a (unreachable),n/a,n/a,n/a,"predicate only matches ServedType::ForYouPopularTopics, which no compiled source produces",n/a,none,checked-in,S02,DIRECT,double-dormant: same module-tree absence as S01-F002 plus a predicate that structurally cannot fire even if restored without PopularTopicsSource
